Datasheet,Image,DK Part #,Mfr Part #,Mfr,Supplier,Description,Stock,Price,@ qty,Min Qty, Package,Series,Product Status,"FET Type","Technology","Drain to Source Voltage (Vdss)","Current - Continuous Drain (Id) @ 25°C","Drive Voltage (Max Rds On, Min Rds On)","Rds On (Max) @ Id, Vgs","Vgs(th) (Max) @ Id","Gate Charge (Qg) (Max) @ Vgs","Vgs (Max)","Input Capacitance (Ciss) (Max) @ Vds","FET Feature","Power Dissipation (Max)","Operating Temperature","Grade","Qualification","Mounting Type","Supplier Device Package","Package / Case"
"https://www.diodes.com/assets/Datasheets/DMP10H400SK3.pdf","//mm.digikey.com/Volume0/opasdata/d220001/medias/images/6210/31%7ETO252-2%7ED%2CK%7E2.jpg","DMP10H400SK3-13DITR-ND,DMP10H400SK3-13DICT-ND,DMP10H400SK3-13DIDKR-ND","DMP10H400SK3-13","Diodes Incorporated","Diodes Incorporated","MOSFET P-CH 100V 9A TO252-3","60,221","0.57","0","1","Tape & Reel (TR),Cut Tape (CT),Digi-Reel®","-","Active","P-Channel","MOSFET (Metal Oxide)","100 V","9A (Tc)","4.5V, 10V","240mOhm @ 5A, 10V","3V @ 250µA","17.5 nC @ 10 V","±20V","1239 pF @ 25 V","-","42W (Tc)","-55°C ~ 150°C (TJ)","-","-","Surface Mount","TO-252-3","TO-252-3, DPAK (2 Leads + Tab), SC-63"
"https://www.aosmd.com/sites/default/files/media/AOSGreenPolicy.pdf","//mm.digikey.com/Volume0/opasdata/d220001/medias/images/6348/785%7EPO-00047%7E%7E8.jpg","785-1137-2-ND,785-1137-1-ND,785-1137-6-ND","AON7406","Alpha & Omega Semiconductor Inc.","Alpha & Omega Semiconductor Inc.","MOSFET N-CH 30V 9A/25A 8DFN","8,674","0.59","0","1","Tape & Reel (TR),Cut Tape (CT),Digi-Reel®","-","Not For New Designs","N-Channel","MOSFET (Metal Oxide)","30 V","9A (Ta), 25A (Tc)","4.5V, 10V","17mOhm @ 9A, 10V","2.4V @ 250µA","18 nC @ 10 V","±20V","888 pF @ 15 V","-","3.1W (Ta), 15.5W (Tc)","-55°C ~ 150°C (TJ)","-","-","Surface Mount","8-DFN-EP (3x3)","8-PowerVDFN"
"https://assets.nexperia.com/documents/data-sheet/PMPB13XNE.pdf","//mm.digikey.com/Volume0/opasdata/d220001/medias/images/6352/MFG_1727%7ESOT1220%7E%7E6.jpg","1727-PMPB13XNE,115TR-ND,1727-PMPB13XNE,115CT-ND,1727-PMPB13XNE,115DKR-ND","PMPB13XNE,115","Nexperia USA Inc.","Nexperia USA Inc.","MOSFET N-CH 30V 8A DFN2020MD-6","54,724","0.67","0","1","Tape & Reel (TR),Cut Tape (CT),Digi-Reel®","-","Active","N-Channel","MOSFET (Metal Oxide)","30 V","8A (Ta)","1.8V, 4.5V","16mOhm @ 8A, 4.5V","900mV @ 250µA","36 nC @ 4.5 V","±12V","2195 pF @ 15 V","-","1.7W (Ta), 12.5W (Tc)","-55°C ~ 150°C (TJ)","-","-","Surface Mount","DFN2020MD-6","6-UDFN Exposed Pad"
"https://www.infineon.com/dgdl/irf7493pbf.pdf?fileId=5546d462533600a4015355ffcce21c40","//mm.digikey.com/Volume0/opasdata/d220001/medias/images/4847/448_8-SOIC.jpg","IRF7493PBFTR-ND,IRF7493PBFCT-ND,IRF7493PBFDKR-ND","IRF7493TRPBF","Infineon Technologies","Infineon Technologies","MOSFET N-CH 80V 9.3A 8SO","6,925","0.77","0","1","Tape & Reel (TR),Cut Tape (CT),Digi-Reel®","HEXFET®","Active","N-Channel","MOSFET (Metal Oxide)","80 V","9.3A (Tc)","10V","15mOhm @ 5.6A, 10V","4V @ 250µA","53 nC @ 10 V","±20V","1510 pF @ 25 V","-","2.5W (Tc)","-55°C ~ 150°C (TJ)","-","-","Surface Mount","8-SO","8-SOIC (0.154"", 3.90mm Width)"
"https://www.diodes.com/assets/Datasheets/DMT6016LFDF.pdf","//mm.digikey.com/Volume0/opasdata/d220001/medias/images/6347/31%7EU-DFN2020-6-TYPEF%7EF%7E6.jpg","DMT6016LFDF-7DITR-ND,DMT6016LFDF-7DICT-ND,DMT6016LFDF-7DIDKR-ND","DMT6016LFDF-7","Diodes Incorporated","Diodes Incorporated","MOSFET N-CH 60V 8.9A 6UDFN","2,065","0.78","0","1","Tape & Reel (TR),Cut Tape (CT),Digi-Reel®","-","Active","N-Channel","MOSFET (Metal Oxide)","60 V","8.9A (Ta)","4.5V, 10V","16mOhm @ 10A, 10V","3V @ 250µA","17 nC @ 10 V","±20V","864 pF @ 30 V","-","820mW (Ta)","-55°C ~ 150°C (TJ)","-","-","Surface Mount","U-DFN2020-6 (Type F)","6-UDFN Exposed Pad"
"https://www.vishay.com/docs/68748/si4431cd.pdf","//mm.digikey.com/Volume0/opasdata/d220001/medias/images/6348/742%7E5498%7EDY%2CEY%7E8.jpg","SI4431CDY-T1-GE3TR-ND,SI4431CDY-T1-GE3CT-ND,SI4431CDY-T1-GE3DKR-ND","SI4431CDY-T1-GE3","Vishay Siliconix","Vishay Siliconix","MOSFET P-CH 30V 9A 8SO","34,008","0.84","0","1","Tape & Reel (TR),Cut Tape (CT),Digi-Reel®","TrenchFET®","Active","P-Channel","MOSFET (Metal Oxide)","30 V","9A (Tc)","4.5V, 10V","32mOhm @ 7A, 10V","2.5V @ 250µA","38 nC @ 10 V","±20V","1006 pF @ 15 V","-","2.5W (Ta), 4.2W (Tc)","-55°C ~ 150°C (TJ)","-","-","Surface Mount","8-SOIC","8-SOIC (0.154"", 3.90mm Width)"
"https://www.diodes.com/assets/Datasheets/DMTH6016LPSQ.pdf","//mm.digikey.com/Volume0/opasdata/d220001/medias/images/6210/31%7EPOWERDI5060-8%7E%7E8.jpg","DMTH6016LPSQ-13DITR-ND,DMTH6016LPSQ-13DICT-ND,DMTH6016LPSQ-13DIDKR-ND","DMTH6016LPSQ-13","Diodes Incorporated","Diodes Incorporated","MOSFET N-CHA 60V 10.6A POWERDI","58,054","0.88","0","1","Tape & Reel (TR),Cut Tape (CT),Digi-Reel®","-","Active","N-Channel","MOSFET (Metal Oxide)","60 V","9.8A (Ta), 37A (Tc)","4.5V, 10V","16mOhm @ 20A, 10V","2.5V @ 250µA","17 nC @ 10 V","±20V","864 pF @ 30 V","-","2.6W (Ta), 37.5W (Tc)","-55°C ~ 175°C (TJ)","Automotive","AEC-Q101","Surface Mount","PowerDI5060-8","8-PowerTDFN"
"//mm.digikey.com/Volume0/opasdata/d220001/medias/docus/517/DMG4407SSS.pdf","//mm.digikey.com/Volume0/opasdata/d220001/medias/images/5741/31%7E8SO-3.9%7E%7E8.jpg","DMG4407SSS-13DITR-ND,DMG4407SSS-13DICT-ND,DMG4407SSS-13DIDKR-ND","DMG4407SSS-13","Diodes Incorporated","Diodes Incorporated","MOSFET P-CH 30V 9.9A 8SO","10,430","0.9","0","1","Tape & Reel (TR),Cut Tape (CT),Digi-Reel®","-","Active","P-Channel","MOSFET (Metal Oxide)","30 V","9.9A (Ta)","6V, 10V","11mOhm @ 12A, 20V","3V @ 250µA","20.5 nC @ 10 V","±25V","2246 pF @ 15 V","-","1.45W (Ta)","-50°C ~ 150°C (TJ)","-","-","Surface Mount","8-SO","8-SOIC (0.154"", 3.90mm Width)"
"https://rocelec.widen.net/view/pdf/rwygqx6rjd/FAIRS27615-1.pdf?t.download=true&u=5oefqw","//mm.digikey.com/Volume0/opasdata/d220001/medias/images/6164/488%7EMKT-M08A%7ED%2CM%2CTF%7E8.jpg","FDS4435BZTR-ND,FDS4435BZCT-ND,FDS4435BZDKR-ND","FDS4435BZ","onsemi","onsemi","MOSFET P-CH 30V 8.8A 8SOIC","6,187","0.95","0","1","Tape & Reel (TR),Cut Tape (CT),Digi-Reel®","PowerTrench®","Active","P-Channel","MOSFET (Metal Oxide)","30 V","8.8A (Ta)","4.5V, 10V","20mOhm @ 8.8A, 10V","3V @ 250µA","40 nC @ 10 V","±25V","1845 pF @ 15 V","-","2.5W (Ta)","-55°C ~ 155°C (TJ)","-","-","Surface Mount","8-SOIC","8-SOIC (0.154"", 3.90mm Width)"
"https://www.diodes.com/assets/Datasheets/DMP4015SSS.pdf","//mm.digikey.com/Volume0/opasdata/d220001/medias/images/5741/31%7E8SO-3.9%7E%7E8.jpg","DMP4015SSS-13DITR-ND,DMP4015SSS-13DICT-ND,DMP4015SSS-13DIDKR-ND","DMP4015SSS-13","Diodes Incorporated","Diodes Incorporated","MOSFET P-CH 40V 9.1A 8SO","1,497","0.98","0","1","Tape & Reel (TR),Cut Tape (CT),Digi-Reel®","-","Active","P-Channel","MOSFET (Metal Oxide)","40 V","9.1A (Ta)","4.5V, 10V","11mOhm @ 9.8A, 10V","2.5V @ 250µA","47.5 nC @ 5 V","±25V","4234 pF @ 20 V","-","1.45W (Ta)","-55°C ~ 150°C (TJ)","-","-","Surface Mount","8-SO","8-SOIC (0.154"", 3.90mm Width)"
"https://www.infineon.com/dgdl/si4435dypbf.pdf?fileId=5546d462533600a4015356847c882983","//mm.digikey.com/Volume0/opasdata/d220001/medias/images/4847/448_8-SOIC.jpg","SI4435DYPBFTR-ND,SI4435DYPBFCT-ND,SI4435DYPBFDKR-ND","SI4435DYTRPBF","Infineon Technologies","Infineon Technologies","MOSFET P-CH 30V 8A 8SO","25,048","1.15","0","1","Tape & Reel (TR),Cut Tape (CT),Digi-Reel®","HEXFET®","Active","P-Channel","MOSFET (Metal Oxide)","30 V","8A (Tc)","4.5V, 10V","20mOhm @ 8A, 10V","1V @ 250µA","60 nC @ 10 V","±20V","2320 pF @ 15 V","-","2.5W (Ta)","-55°C ~ 150°C (TJ)","-","-","Surface Mount","8-SO","8-SOIC (0.154"", 3.90mm Width)"
"https://www.vishay.com/docs/65903/sud09p10.pdf","//mm.digikey.com/Volume0/opasdata/d220001/medias/images/6348/742%7E5347%7EN%2CP%7E2.jpg","SUD09P10-195-GE3TR-ND,SUD09P10-195-GE3CT-ND,SUD09P10-195-GE3DKR-ND","SUD09P10-195-GE3","Vishay Siliconix","Vishay Siliconix","MOSFET P-CH 100V 8.8A TO252","15,268","1.31","0","1","Tape & Reel (TR),Cut Tape (CT),Digi-Reel®","TrenchFET®","Active","P-Channel","MOSFET (Metal Oxide)","100 V","8.8A (Tc)","4.5V, 10V","195mOhm @ 3.6A, 10V","2.5V @ 250µA","34.8 nC @ 10 V","±20V","1055 pF @ 50 V","-","2.5W (Ta), 32.1W (Tc)","-55°C ~ 150°C (TJ)","-","-","Surface Mount","TO-252AA","TO-252-3, DPAK (2 Leads + Tab), SC-63"
"https://www.infineon.com/dgdl/BSZ160N10N3SG_rev1.0.pdf?folderId=db3a304313b8b5a60113cee8763b02d7&fileId=db3a304320896aa20120c3365eef2370","//mm.digikey.com/Volume0/opasdata/d220001/medias/images/6167/448%7EPPG-TSDSON-8-1.1%7E%7E8.jpg","BSZ160N10NS3GATMA1TR-ND,BSZ160N10NS3GATMA1CT-ND,BSZ160N10NS3GATMA1DKR-ND","BSZ160N10NS3GATMA1","Infineon Technologies","Infineon Technologies","MOSFET N-CH 100V 8A/40A 8TSDSON","17,668","1.43","0","1","Tape & Reel (TR),Cut Tape (CT),Digi-Reel®","OptiMOS™","Active","N-Channel","MOSFET (Metal Oxide)","100 V","8A (Ta), 40A (Tc)","6V, 10V","16mOhm @ 20A, 10V","3.5V @ 12µA","25 nC @ 10 V","±20V","1700 pF @ 50 V","-","2.1W (Ta), 63W (Tc)","-55°C ~ 150°C (TJ)","-","-","Surface Mount","PG-TSDSON-8","8-PowerTDFN"
"https://www.infineon.com/dgdl/Infineon-BSZ097N10NS5-DS-v02_01-en.pdf?fileId=5546d461454603990145d5a1b051648d","//mm.digikey.com/Volume0/opasdata/d220001/medias/images/6348/448%7EPPG-TSDSON-8-FUSEDLEADS-1.1%7E%7E8.jpg","BSZ097N10NS5ATMA1TR-ND,BSZ097N10NS5ATMA1CT-ND,BSZ097N10NS5ATMA1DKR-ND","BSZ097N10NS5ATMA1","Infineon Technologies","Infineon Technologies","MOSFET N-CH 100V 8A/40A TSDSON","7,027","1.43","0","1","Tape & Reel (TR),Cut Tape (CT),Digi-Reel®","OptiMOS™","Active","N-Channel","MOSFET (Metal Oxide)","100 V","8A (Ta), 40A (Tc)","6V, 10V","9.7mOhm @ 20A, 10V","3.8V @ 36µA","28 nC @ 10 V","±20V","2080 pF @ 50 V","-","2.1W (Ta), 69W (Tc)","-55°C ~ 150°C (TJ)","-","-","Surface Mount","PG-TSDSON-8-FL","8-PowerTDFN"
"https://www.onsemi.com/pdf/datasheet/fdma8878-d.pdf","//mm.digikey.com/Volume0/opasdata/d220001/medias/images/6164/488%7EMKT-MLP06L%7E%7E6.jpg","FDMA8878TR-ND,FDMA8878CT-ND,FDMA8878DKR-ND","FDMA8878","onsemi","onsemi","MOSFET N-CH 30V 9A/10A 6MICROFET","9,908","1.64","0","1","Tape & Reel (TR),Cut Tape (CT),Digi-Reel®","PowerTrench®","Active","N-Channel","MOSFET (Metal Oxide)","30 V","9A (Ta), 10A (Tc)","4.5V, 10V","16mOhm @ 9A, 10V","3V @ 250µA","12 nC @ 10 V","±20V","720 pF @ 15 V","-","2.4W (Ta)","-55°C ~ 150°C (TJ)","-","-","Surface Mount","6-MicroFET (2x2)","6-WDFN Exposed Pad"
"https://www.infineon.com/dgdl/BSC160N10NS3+Rev2.3.pdf?folderId=db3a304313b8b5a60113cee8763b02d7&fileId=db3a30432239cccd01226040189a7f47","//mm.digikey.com/Volume0/opasdata/d220001/medias/images/6173/448%7EPPG-TDSON-8-1%7E%7E8.jpg","BSC160N10NS3GATMA1TR-ND,BSC160N10NS3GATMA1CT-ND,BSC160N10NS3GATMA1DKR-ND","BSC160N10NS3GATMA1","Infineon Technologies","Infineon Technologies","MOSFET N-CH 100V 8.8A/42A TDSON","57,234","1.65","0","1","Tape & Reel (TR),Cut Tape (CT),Digi-Reel®","OptiMOS™","Active","N-Channel","MOSFET (Metal Oxide)","100 V","8.8A (Ta), 42A (Tc)","6V, 10V","16mOhm @ 33A, 10V","3.5V @ 33µA","25 nC @ 10 V","±20V","1700 pF @ 50 V","-","60W (Tc)","-55°C ~ 150°C (TJ)","-","-","Surface Mount","PG-TDSON-8-1","8-PowerTDFN"
"https://www.onsemi.com/pdf/datasheet/fdd86102lz-d.pdf","//mm.digikey.com/Volume0/opasdata/d220001/medias/images/5972/488%7EMKT-TO252A03%7E%7E2.jpg","FDD86102LZFSTR-ND,FDD86102LZFSCT-ND,FDD86102LZFSDKR-ND","FDD86102LZ","onsemi","onsemi","MOSFET N-CH 100V 8A/35A DPAK","6,876","1.66","0","1","Tape & Reel (TR),Cut Tape (CT),Digi-Reel®","PowerTrench®","Active","N-Channel","MOSFET (Metal Oxide)","100 V","8A (Ta), 35A (Tc)","4.5V, 10V","22.5mOhm @ 8A, 10V","3V @ 250µA","26 nC @ 10 V","±20V","1540 pF @ 50 V","-","3.1W (Ta), 54W (Tc)","-55°C ~ 150°C (TJ)","-","-","Surface Mount","TO-252AA","TO-252-3, DPAK (2 Leads + Tab), SC-63"
"https://www.onsemi.com/pdf/datasheet/fqu11p06-d.pdf","//mm.digikey.com/Volume0/opasdata/d220001/medias/images/5972/488%7EMKT-TO252A03%7E%7E2.jpg","FQD11P06TMTR-ND,FQD11P06TMCT-ND,FQD11P06TMDKR-ND","FQD11P06TM","onsemi","onsemi","MOSFET P-CH 60V 9.4A DPAK","12,682","1.67","0","1","Tape & Reel (TR),Cut Tape (CT),Digi-Reel®","QFET®","Active","P-Channel","MOSFET (Metal Oxide)","60 V","9.4A (Tc)","10V","185mOhm @ 4.7A, 10V","4V @ 250µA","17 nC @ 10 V","±30V","550 pF @ 25 V","-","2.5W (Ta), 38W (Tc)","-55°C ~ 150°C (TJ)","-","-","Surface Mount","TO-252AA","TO-252-3, DPAK (2 Leads + Tab), SC-63"
"https://aosmd.com/res/data_sheets/AON7292.pdf","//mm.digikey.com/Volume0/opasdata/d220001/medias/images/6310/785%7EPO-00093%7E%7E8.jpg","785-1676-2-ND,785-1676-1-ND,785-1676-6-ND","AON7292","Alpha & Omega Semiconductor Inc.","Alpha & Omega Semiconductor Inc.","MOSFET N-CH 100V 9A/23A 8DFN","197,977","1.7","0","1","Tape & Reel (TR),Cut Tape (CT),Digi-Reel®","AlphaMOS","Active","N-Channel","MOSFET (Metal Oxide)","100 V","9A (Ta), 23A (Tc)","4.5V, 10V","24mOhm @ 9A, 10V","2.6V @ 250µA","25 nC @ 10 V","±20V","1170 pF @ 50 V","-","4.1W (Ta), 28W (Tc)","-55°C ~ 150°C (TJ)","-","-","Surface Mount","8-DFN-EP (3.3x3.3)","8-PowerWDFN"
"https://www.diodes.com/assets/Datasheets/DMT10H010LPS.pdf","//mm.digikey.com/Volume0/opasdata/d220001/medias/images/6210/31%7EPOWERDI5060-8%7E%7E8.jpg","DMT10H010LPS-13DITR-ND,DMT10H010LPS-13DICT-ND,DMT10H010LPS-13DIDKR-ND","DMT10H010LPS-13","Diodes Incorporated","Diodes Incorporated","MOSFET N-CH 100V 9.4A PWRDI5060","5,395","1.79","0","1","Tape & Reel (TR),Cut Tape (CT),Digi-Reel®","-","Active","N-Channel","MOSFET (Metal Oxide)","100 V","9.4A (Ta), 98A (Tc)","4.5V, 10V","9.5mOhm @ 13A, 10V","3.5V @ 250µA","71 nC @ 10 V","±20V","3000 pF @ 50 V","-","1.2W (Ta), 139W (Tc)","-55°C ~ 150°C (TJ)","-","-","Surface Mount","PowerDI5060-8","8-PowerTDFN"
"https://www.onsemi.com/pdf/datasheet/fdd4685-d.pdf","//mm.digikey.com/Volume0/opasdata/d220001/medias/images/5972/488%7EMKT-TO252A03%7E%7E2.jpg","FDD4685TR-ND,FDD4685CT-ND,FDD4685DKR-ND","FDD4685","onsemi","onsemi","MOSFET P-CH 40V 8.4A/32A DPAK","8,008","2.03","0","1","Tape & Reel (TR),Cut Tape (CT),Digi-Reel®","PowerTrench®","Active","P-Channel","MOSFET (Metal Oxide)","40 V","8.4A (Ta), 32A (Tc)","4.5V, 10V","27mOhm @ 8.4A, 10V","3V @ 250µA","27 nC @ 5 V","±20V","2380 pF @ 20 V","-","69W (Tc)","-55°C ~ 155°C (TJ)","-","-","Surface Mount","TO-252AA","TO-252-3, DPAK (2 Leads + Tab), SC-63"
"https://www.onsemi.com/pdf/datasheet/fdd86102-d.pdf","//mm.digikey.com/Volume0/opasdata/d220001/medias/images/5972/488%7EMKT-TO252A03%7E%7E2.jpg","FDD86102TR-ND,FDD86102CT-ND,FDD86102DKR-ND","FDD86102","onsemi","onsemi","MOSFET N-CH 100V 8A/36A DPAK","5,046","2.09","0","1","Tape & Reel (TR),Cut Tape (CT),Digi-Reel®","PowerTrench®","Active","N-Channel","MOSFET (Metal Oxide)","100 V","8A (Ta), 36A (Tc)","6V, 10V","24mOhm @ 8A, 10V","4V @ 250µA","19 nC @ 10 V","±20V","1035 pF @ 50 V","-","3.1W (Ta), 62W (Tc)","-55°C ~ 150°C (TJ)","-","-","Surface Mount","TO-252AA","TO-252-3, DPAK (2 Leads + Tab), SC-63"
"https://epc-co.com/epc/Portals/0/epc/documents/datasheets/EPC2052_datasheet.pdf","//mm.digikey.com/Volume0/opasdata/d220001/medias/images/321/MFG_EPC2052.jpg","917-1202-2-ND,917-1202-1-ND,917-1202-6-ND","EPC2052","EPC","EPC","GANFET N-CH 100V 8.2A DIE","118,090","2.3","0","1","Tape & Reel (TR),Cut Tape (CT),Digi-Reel®","-","Active","N-Channel","GaNFET (Gallium Nitride)","100 V","8.2A (Ta)","5V","13.5mOhm @ 11A, 5V","2.5V @ 3mA","4.5 nC @ 5 V","+6V, -4V","575 pF @ 50 V","-","-","-40°C ~ 150°C (TJ)","-","-","Surface Mount","Die","Die"
"https://rocelec.widen.net/view/pdf/dqe2xzyg0q/FAIRS45904-1.pdf?t.download=true&u=5oefqw","//mm.digikey.com/Volume0/opasdata/d220001/medias/images/5972/488%7EMKT-TO252A03%7E%7E2.jpg","FDD16AN08A0TR-ND,FDD16AN08A0CT-ND,FDD16AN08A0DKR-ND","FDD16AN08A0","onsemi","onsemi","MOSFET N-CH 75V 9A/50A DPAK","18,753","2.38","0","1","Tape & Reel (TR),Cut Tape (CT),Digi-Reel®","UltraFET™","Active","N-Channel","MOSFET (Metal Oxide)","75 V","9A (Ta), 50A (Tc)","6V, 10V","16mOhm @ 50A, 10V","4V @ 250µA","47 nC @ 10 V","±20V","1874 pF @ 25 V","-","135W (Tc)","-55°C ~ 175°C (TJ)","-","-","Surface Mount","TO-252AA","TO-252-3, DPAK (2 Leads + Tab), SC-63"
"https://epc-co.com/epc/Portals/0/epc/documents/datasheets/EPC2252_datasheet.pdf","//mm.digikey.com/Volume0/opasdata/d220001/medias/images/5002/MFG_EPC2252.jpg","917-EPC2252TR-ND,917-EPC2252CT-ND,917-EPC2252DKR-ND","EPC2252","EPC","EPC","TRANSGAN 80V.011OHM AECQ101 9BGA","18,824","2.59","0","1","Tape & Reel (TR),Cut Tape (CT),Digi-Reel®","eGaN®","Active","N-Channel","GaNFET (Gallium Nitride)","80 V","8.2A (Ta)","-","11mOhm @ 11A, 5V","2.5V @ 2.5mA","4.3 nC @ 5 V","+6V, -4V","576 pF @ 50 V","-","-","-40°C ~ 150°C (TJ)","Automotive","AEC-Q101","Surface Mount","Die","Die"
"https://www.onsemi.com/pdf/datasheet/fdmc86160-d.pdf","//mm.digikey.com/Volume0/opasdata/d220001/medias/images/6283/488%7EMKT-PQFN08H%7E%7E8.jpg","FDMC86160TR-ND,FDMC86160CT-ND,FDMC86160DKR-ND","FDMC86160","onsemi","onsemi","MOSFET N CH 100V 9A POWER33","2,293","2.8","0","1","Tape & Reel (TR),Cut Tape (CT),Digi-Reel®","PowerTrench®","Active","N-Channel","MOSFET (Metal Oxide)","100 V","9A (Ta), 43A (Tc)","6V, 10V","14mOhm @ 9A, 10V","4V @ 250µA","22 nC @ 10 V","±20V","1290 pF @ 50 V","-","2.3W (Ta), 54W (Tc)","-55°C ~ 150°C (TJ)","-","-","Surface Mount","Power33","8-PowerWDFN"
"https://www.vishay.com/docs/72567/si7461dp.pdf","//mm.digikey.com/Volume0/opasdata/d220001/medias/images/6348/742%7E5881%7EDP%7E8.jpg","SI7461DP-T1-GE3TR-ND,SI7461DP-T1-GE3CT-ND,SI7461DP-T1-GE3DKR-ND","SI7461DP-T1-GE3","Vishay Siliconix","Vishay Siliconix","MOSFET P-CH 60V 8.6A PPAK SO-8","17,747","2.9","0","1","Tape & Reel (TR),Cut Tape (CT),Digi-Reel®","TrenchFET®","Active","P-Channel","MOSFET (Metal Oxide)","60 V","8.6A (Ta)","4.5V, 10V","14.5mOhm @ 14.4A, 10V","3V @ 250µA","190 nC @ 10 V","±20V","-","-","1.9W (Ta)","-55°C ~ 150°C (TJ)","-","-","Surface Mount","PowerPAK® SO-8","PowerPAK® SO-8"
"https://www.vishay.com/docs/72567/si7461dp.pdf","//mm.digikey.com/Volume0/opasdata/d220001/medias/images/6348/742%7E5881%7EDP%7E8.jpg","SI7461DP-T1-E3TR-ND,SI7461DP-T1-E3CT-ND,SI7461DP-T1-E3DKR-ND","SI7461DP-T1-E3","Vishay Siliconix","Vishay Siliconix","MOSFET P-CH 60V 8.6A PPAK SO-8","25,692","2.92","0","1","Tape & Reel (TR),Cut Tape (CT),Digi-Reel®","TrenchFET®","Active","P-Channel","MOSFET (Metal Oxide)","60 V","8.6A (Ta)","4.5V, 10V","14.5mOhm @ 14.4A, 10V","3V @ 250µA","190 nC @ 10 V","±20V","-","-","1.9W (Ta)","-55°C ~ 150°C (TJ)","-","-","Surface Mount","PowerPAK® SO-8","PowerPAK® SO-8"
"https://www.vishay.com/docs/71874/si7370dp.pdf","//mm.digikey.com/Volume0/opasdata/d220001/medias/images/6348/742%7E5881%7EDP%7E8.jpg","SI7370DP-T1-E3TR-ND,SI7370DP-T1-E3CT-ND,SI7370DP-T1-E3DKR-ND","SI7370DP-T1-E3","Vishay Siliconix","Vishay Siliconix","MOSFET N-CH 60V 9.6A PPAK SO-8","38,923","2.93","0","1","Tape & Reel (TR),Cut Tape (CT),Digi-Reel®","TrenchFET®","Active","N-Channel","MOSFET (Metal Oxide)","60 V","9.6A (Ta)","6V, 10V","11mOhm @ 12A, 10V","4V @ 250µA","57 nC @ 10 V","±20V","-","-","1.9W (Ta)","-55°C ~ 150°C (TJ)","-","-","Surface Mount","PowerPAK® SO-8","PowerPAK® SO-8"
"https://www.onsemi.com/pdf/datasheet/fdms86163p-d.pdf","//mm.digikey.com/Volume0/opasdata/d220001/medias/images/4482/488%7E483AE%7E%7E8-Top.jpg","FDMS86163PTR-ND,FDMS86163PCT-ND,FDMS86163PDKR-ND","FDMS86163P","onsemi","onsemi","MOSFET P-CH 100V 7.9A/50A 8PQFN","9,942","3.65","0","1","Tape & Reel (TR),Cut Tape (CT),Digi-Reel®","PowerTrench®","Active","P-Channel","MOSFET (Metal Oxide)","100 V","7.9A (Ta), 50A (Tc)","6V, 10V","22mOhm @ 7.9A, 10V","4V @ 250µA","59 nC @ 10 V","±25V","4085 pF @ 50 V","-","2.5W (Ta), 104W (Tc)","-55°C ~ 150°C (TJ)","-","-","Surface Mount","8-PQFN (5x6)","8-PowerTDFN"
"https://assets.nexperia.com/documents/data-sheet/PMPB11EN.pdf","//mm.digikey.com/Volume0/opasdata/d220001/medias/images/6352/MFG_1727%7ESOT1220%7E%7E6.jpg","1727-1244-2-ND,1727-1244-1-ND,1727-1244-6-ND","PMPB11EN,115","Nexperia USA Inc.","Nexperia USA Inc.","MOSFET N-CH 30V 9A DFN2020MD-6","80,305","0.32","0","1","Tape & Reel (TR),Cut Tape (CT),Digi-Reel®","-","Active","N-Channel","MOSFET (Metal Oxide)","30 V","9A (Ta)","4.5V, 10V","14.5mOhm @ 9A, 10V","2V @ 250µA","20.6 nC @ 10 V","±20V","840 pF @ 10 V","-","1.7W (Ta), 12.5W (Tc)","-55°C ~ 150°C (TJ)","-","-","Surface Mount","DFN2020MD-6","6-UDFN Exposed Pad"
"https://www.vishay.com/docs/67443/si3424cdv.pdf","//mm.digikey.com/Volume0/opasdata/d220001/medias/images/6348/742%7E5540%7EDV%2CEV%7E6.jpg","SI3424CDV-T1-GE3TR-ND,SI3424CDV-T1-GE3CT-ND,SI3424CDV-T1-GE3DKR-ND","SI3424CDV-T1-GE3","Vishay Siliconix","Vishay Siliconix","MOSFET N-CH 30V 8A 6TSOP","11,502","0.4","0","1","Tape & Reel (TR),Cut Tape (CT),Digi-Reel®","TrenchFET®","Active","N-Channel","MOSFET (Metal Oxide)","30 V","8A (Tc)","4.5V, 10V","26mOhm @ 7.2A, 10V","2.5V @ 250µA","12.5 nC @ 10 V","±20V","405 pF @ 15 V","-","3.6W (Tc)","-55°C ~ 150°C (TJ)","-","-","Surface Mount","6-TSOP","SOT-23-6 Thin, TSOT-23-6"
"https://www.diodes.com/assets/Datasheets/ds31736.pdf","//mm.digikey.com/Volume0/opasdata/d220001/medias/images/5741/31%7E8SO-3.9%7E%7E8.jpg","DMN4800LSSDITR-ND,DMN4800LSSDICT-ND,DMN4800LSSDIDKR-ND","DMN4800LSS-13","Diodes Incorporated","Diodes Incorporated","MOSFET N-CH 30V 9A 8SOP","16,551","0.47","0","1","Tape & Reel (TR),Cut Tape (CT),Digi-Reel®","-","Active","N-Channel","MOSFET (Metal Oxide)","30 V","9A (Ta)","4.5V, 10V","16mOhm @ 9A, 10V","1.6V @ 250µA","9.47 nC @ 5 V","±25V","798 pF @ 10 V","-","1.46W (Ta)","-55°C ~ 150°C (TJ)","-","-","Surface Mount","8-SO","8-SOIC (0.154"", 3.90mm Width)"
"https://www.diodes.com/assets/Datasheets/DMN3018SFG.pdf","//mm.digikey.com/Volume0/opasdata/d220001/medias/images/6295/31%7EPOWERDI3333-8%7E%7E8.jpg","DMN3018SFG-13DITR-ND,DMN3018SFG-13DICT-ND,DMN3018SFG-13DIDKR-ND","DMN3018SFG-13","Diodes Incorporated","Diodes Incorporated","MOSFET N-CH 30V 8.5A PWRDI3333-8","13,740","0.48","0","1","Tape & Reel (TR),Cut Tape (CT),Digi-Reel®","-","Active","N-Channel","MOSFET (Metal Oxide)","30 V","8.5A (Ta)","4.5V, 10V","21mOhm @ 10A, 10V","2.1V @ 250µA","13.2 nC @ 10 V","±25V","697 pF @ 15 V","-","1W (Ta)","-55°C ~ 150°C (TJ)","-","-","Surface Mount","POWERDI3333-8","8-PowerVDFN"
"https://www.infineon.com/dgdl/irfts8342pbf.pdf?fileId=5546d462533600a40153563ae3bd21f1","//mm.digikey.com/Volume0/opasdata/d220001/medias/images/2605/SOT-23-6%20PKG.jpg","IRFTS8342TRPBFTR-ND,IRFTS8342TRPBFCT-ND,IRFTS8342TRPBFDKR-ND","IRFTS8342TRPBF","Infineon Technologies","Infineon Technologies","MOSFET N-CH 30V 8.2A 6TSOP","13,943","0.51","0","1","Tape & Reel (TR),Cut Tape (CT),Digi-Reel®","HEXFET®","Active","N-Channel","MOSFET (Metal Oxide)","30 V","8.2A (Ta)","4.5V, 10V","19mOhm @ 8.2A, 10V","2.35V @ 25µA","4.8 nC @ 4.5 V","±20V","560 pF @ 25 V","-","2W (Ta)","-55°C ~ 150°C (TJ)","-","-","Surface Mount","6-TSOP","SOT-23-6"
"https://www.aosmd.com/sites/default/files/media/AOSGreenPolicy.pdf","//mm.digikey.com/Volume0/opasdata/d220001/medias/images/6348/785%7EPO-00047%7E%7E8.jpg","785-1581-2-ND,785-1581-1-ND,785-1581-6-ND","AON7410","Alpha & Omega Semiconductor Inc.","Alpha & Omega Semiconductor Inc.","MOSFET N-CH 30V 9.5A/24A 8DFN","247,854","0.55","0","1","Tape & Reel (TR),Cut Tape (CT),Digi-Reel®","-","Not For New Designs","N-Channel","MOSFET (Metal Oxide)","30 V","9.5A (Ta), 24A (Tc)","4.5V, 10V","20mOhm @ 8A, 10V","2.5V @ 250µA","12 nC @ 10 V","±20V","660 pF @ 15 V","-","3.1W (Ta), 20W (Tc)","-55°C ~ 150°C (TJ)","-","-","Surface Mount","8-DFN-EP (3x3)","8-PowerVDFN"
"https://aosmd.com/res/data_sheets/AONR32320C.pdf","//mm.digikey.com/Volume0/opasdata/d220001/medias/images/6348/785%7EPO-00047%7E%7E8.jpg","785-AONR32320CTR-ND,785-AONR32320CCT-ND,785-AONR32320CDKR-ND","AONR32320C","Alpha & Omega Semiconductor Inc.","Alpha & Omega Semiconductor Inc.","MOSFET N-CH 30V 9.5A/12A 8DFN","9,847","0.56","0","1","Tape & Reel (TR),Cut Tape (CT),Digi-Reel®","-","Active","N-Channel","MOSFET (Metal Oxide)","30 V","9.5A (Ta), 12A (Tc)","4.5V, 10V","21mOhm @ 9.5A, 10V","2.3V @ 250µA","20 nC @ 10 V","±20V","650 pF @ 15 V","-","3.1W (Ta), 11W (Tc)","-55°C ~ 150°C (TJ)","-","-","Surface Mount","8-DFN-EP (3x3)","8-PowerVDFN"
"https://assets.nexperia.com/documents/data-sheet/PMPB14XN.pdf","//mm.digikey.com/Volume0/opasdata/d220001/medias/images/761/MFG_6-DFN2020MD_View-2.jpg","1727-PMPB14XNXTR-ND,1727-PMPB14XNXCT-ND,1727-PMPB14XNXDKR-ND","PMPB14XNX","Nexperia USA Inc.","Nexperia USA Inc.","MOSFET N-CH 40V 8.1A DFN2020MD-6","10,876","0.58","0","1","Tape & Reel (TR),Cut Tape (CT),Digi-Reel®","TrenchMOS™","Active","N-Channel","MOSFET (Metal Oxide)","40 V","8.1A (Ta)","1.5V, 4.5V","18mOhm @ 8.1A, 4.5V","900mV @ 250µA","28 nC @ 4.5 V","±8V","1625 pF @ 20 V","-","3.8W (Ta), 12.5W (Tc)","-55°C ~ 150°C (TJ)","-","-","Surface Mount","DFN2020MD-6","6-UDFN Exposed Pad"
"https://www.infineon.com/dgdl/irlts6342pbf.pdf?fileId=5546d462533600a401535671f35a271a","//mm.digikey.com/Volume0/opasdata/d220001/medias/images/2605/SOT-23-6%20PKG.jpg","IRLTS6342TRPBFTR-ND,IRLTS6342TRPBFCT-ND,IRLTS6342TRPBFDKR-ND","IRLTS6342TRPBF","Infineon Technologies","Infineon Technologies","MOSFET N-CH 30V 8.3A 6TSOP","3,614","0.58","0","1","Tape & Reel (TR),Cut Tape (CT),Digi-Reel®","HEXFET®","Active","N-Channel","MOSFET (Metal Oxide)","30 V","8.3A (Ta)","2.5V, 4.5V","17.5mOhm @ 8.3A, 4.5V","1.1V @ 10µA","11 nC @ 4.5 V","±12V","1010 pF @ 25 V","-","2W (Ta)","-55°C ~ 150°C (TJ)","-","-","Surface Mount","6-TSOP","SOT-23-6"
"https://www.vishay.com/docs/62082/sq2348ces.pdf","//mm.digikey.com/Volume0/opasdata/d220001/medias/images/6348/742%7E5479%7EDS%2CE%2CK%7E3.jpg","742-SQ2348CES-T1_GE3TR-ND,742-SQ2348CES-T1_GE3CT-ND,742-SQ2348CES-T1_GE3DKR-ND","SQ2348CES-T1_GE3","Vishay Siliconix","Vishay Siliconix","AUTOMOTIVE N-CHANNEL 30 V (D-S)","1,377","0.59","0","1","Tape & Reel (TR),Cut Tape (CT),Digi-Reel®","TrenchFET®","Active","N-Channel","MOSFET (Metal Oxide)","30 V","8A (Tc)","4.5V, 10V","24mOhm @ 12A, 10V","2.5V @ 250µA","14.5 nC @ 10 V","±20V","540 pF @ 15 V","-","3W (Tc)","-55°C ~ 175°C (TJ)","Automotive","AEC-Q101","Surface Mount","SOT-23-3 (TO-236)","TO-236-3, SC-59, SOT-23-3"
"https://www.mccsemi.com/pdf/Products/MCQ4435(SOP-8).pdf","//mm.digikey.com/Volume0/opasdata/d220001/medias/images/6348/353%7E8SOP-3.9%7E%7E8.jpg","MCQ4435-TPMSTR-ND,MCQ4435-TPMSCT-ND,MCQ4435-TPMSDKR-ND","MCQ4435-TP","MCC (Micro Commercial Components)","MCC (Micro Commercial Components)","MOSFET P-CH 30V 9.1A 8SOP","80,373","0.61","0","1","Tape & Reel (TR),Cut Tape (CT),Digi-Reel®","-","Active","P-Channel","MOSFET (Metal Oxide)","30 V","9.1A (Tj)","10V","24mOhm @ 9.1A, 10V","3V @ 250µA","50 nC @ 10 V","±20V","1350 pF @ 15 V","-","1.4W (Tj)","-55°C ~ 150°C (TJ)","-","-","Surface Mount","8-SOP","8-SOIC (0.154"", 3.90mm Width)"
"https://assets.nexperia.com/documents/data-sheet/PMPB12R7EP.pdf","//mm.digikey.com/Volume0/opasdata/d220001/medias/images/6349/MFG_1727%7ESOT1220-2%7E%7E6.jpg","1727-PMPB12R7EPXTR-ND,1727-PMPB12R7EPXCT-ND,1727-PMPB12R7EPXDKR-ND","PMPB12R7EPX","Nexperia USA Inc.","Nexperia USA Inc.","PMPB12R7EP - 30 V, P-CHANNEL TRE","3,763","0.63","0","1","Tape & Reel (TR),Cut Tape (CT),Digi-Reel®","TrenchMOS™","Active","P-Channel","MOSFET (Metal Oxide)","30 V","8.7A (Ta)","4.5V, 10V","15.5mOhm @ 8.7A, 10V","2.5V @ 250µA","49 nC @ 10 V","±20V","1638 pF @ 15 V","-","1.9W (Ta), 12.5W (Tc)","-55°C ~ 150°C (TJ)","-","-","Surface Mount","DFN2020M-6","6-UDFN Exposed Pad"
"https://www.vishay.com/docs/62890/si3417dv.pdf","//mm.digikey.com/Volume0/opasdata/d220001/medias/images/6348/742%7E5540%7EDV%2CEV%7E6.jpg","SI3417DV-T1-GE3TR-ND,SI3417DV-T1-GE3CT-ND,SI3417DV-T1-GE3DKR-ND","SI3417DV-T1-GE3","Vishay Siliconix","Vishay Siliconix","MOSFET P-CH 30V 8A 6TSOP","10,442","0.64","0","1","Tape & Reel (TR),Cut Tape (CT),Digi-Reel®","TrenchFET®","Active","P-Channel","MOSFET (Metal Oxide)","30 V","8A (Ta)","4.5V, 10V","25.2mOhm @ 7.3A, 10V","3V @ 250µA","50 nC @ 10 V","±20V","1350 pF @ 15 V","-","2W (Ta), 4.2W (Tc)","-55°C ~ 150°C (TJ)","-","-","Surface Mount","6-TSOP","SOT-23-6 Thin, TSOT-23-6"
"https://assets.nexperia.com/documents/data-sheet/BUK6D23-40E.pdf","//mm.digikey.com/Volume0/opasdata/d220001/medias/images/6352/MFG_1727%7ESOT1220%7E%7E6.jpg","1727-8336-2-ND,1727-8336-1-ND,1727-8336-6-ND","BUK6D23-40EX","Nexperia USA Inc.","Nexperia USA Inc.","MOSFET N-CH 40V 8A/19A 6DFN","6,770","0.65","0","1","Tape & Reel (TR),Cut Tape (CT),Digi-Reel®","TrenchMOS™","Active","N-Channel","MOSFET (Metal Oxide)","40 V","8A (Ta), 19A (Tc)","4.5V, 10V","23mOhm @ 8A, 10V","2.7V @ 250µA","19 nC @ 10 V","±20V","582 pF @ 20 V","-","2.3W (Ta), 15W (Tc)","-55°C ~ 175°C (TJ)","Automotive","AEC-Q101","Surface Mount","DFN2020MD-6","6-UDFN Exposed Pad"
"https://www.rohm.com/datasheet?p=RQ3E080GN&dist=Digi-key&media=referral&source=digi-key.com&campaign=Digi-key","//mm.digikey.com/Volume0/opasdata/d220001/medias/images/6310/846%7EHSMT8%7E%7E8.jpg","RQ3E080GNTBTR-ND,RQ3E080GNTBCT-ND,RQ3E080GNTBDKR-ND","RQ3E080GNTB","Rohm Semiconductor","Rohm Semiconductor","MOSFET N-CH 30V 8A 8HSMT","1,881","0.65","0","1","Tape & Reel (TR),Cut Tape (CT),Digi-Reel®","-","Active","N-Channel","MOSFET (Metal Oxide)","30 V","8A (Ta)","4.5V, 10V","16.7mOhm @ 8A, 10V","2.5V @ 1mA","5.8 nC @ 10 V","±20V","295 pF @ 15 V","-","2W (Ta), 15W (Tc)","150°C (TJ)","-","-","Surface Mount","8-HSMT (3.2x3)","8-PowerVDFN"
"https://www.vishay.com/docs/63080/sqa405cejw.pdf","//mm.digikey.com/Volume0/opasdata/d220001/medias/images/4365/MFG_PowerPAK-SC-701W-6L-Single.jpg","742-SQA405CEJW-T1_GE3TR-ND,742-SQA405CEJW-T1_GE3CT-ND,742-SQA405CEJW-T1_GE3DKR-ND","SQA405CEJW-T1_GE3","Vishay Siliconix","Vishay Siliconix","AUTOMOTIVE P-CHANNEL 40 V (D-S)","17,245","0.66","0","1","Tape & Reel (TR),Cut Tape (CT),Digi-Reel®","TrenchFET®","Active","P-Channel","MOSFET (Metal Oxide)","40 V","9A (Tc)","4.5V, 10V","39.5mOhm @ 5A, 10V","2.5V @ 250µA","34 nC @ 10 V","±20V","1700 pF @ 25 V","-","13.6W (Tc)","-55°C ~ 175°C (TJ)","Automotive","AEC-Q101","Surface Mount, Wettable Flank","PowerPAK®SC-70W-6","6-PowerVDFN"
"https://assets.nexperia.com/documents/data-sheet/PXP015-30QL.pdf","//mm.digikey.com/Volume0/opasdata/d220001/medias/images/2613/1727%7ESOT8002-1%7E%7E8.JPG","1727-PXP015-30QLJTR-ND,1727-PXP015-30QLJCT-ND,1727-PXP015-30QLJDKR-ND","PXP015-30QLJ","Nexperia USA Inc.","Nexperia USA Inc.","P-CHANNEL TRENCH MOSFET","5,505","0.66","0","1","Tape & Reel (TR),Cut Tape (CT),Digi-Reel®","-","Active","P-Channel","MOSFET (Metal Oxide)","30 V","8A (Ta), 24.7A (Tc)","4.5V, 10V","15.8mOhm @ 8.1A, 10V","2V @ 250µA","36.9 nC @ 10 V","±25V","1200 pF @ 15 V","-","1.7W (Ta), 16W (Tc)","-55°C ~ 150°C (TJ)","-","-","Surface Mount","MLPAK33","8-PowerVDFN"
"https://assets.nexperia.com/documents/data-sheet/BUK9D23-40E.pdf","//mm.digikey.com/Volume0/opasdata/d220001/medias/images/6352/MFG_1727%7ESOT1220%7E%7E6.jpg","1727-BUK9D23-40EXTR-ND,1727-BUK9D23-40EXCT-ND,1727-BUK9D23-40EXDKR-ND","BUK9D23-40EX","Nexperia USA Inc.","Nexperia USA Inc.","MOSFET N-CH 40V 8A DFN2020MD-6","7,239","0.67","0","1","Tape & Reel (TR),Cut Tape (CT),Digi-Reel®","-","Active","N-Channel","MOSFET (Metal Oxide)","40 V","8A (Ta)","4.5V, 10V","23mOhm @ 8A, 10V","2.1V @ 250µA","17 nC @ 10 V","±15V","637 pF @ 20 V","-","15W (Tc)","-55°C ~ 175°C (TJ)","Automotive","AEC-Q101","Surface Mount","DFN2020MD-6","6-UDFN Exposed Pad"
"https://www.infineon.com/dgdl/irfr120zpbf.pdf?fileId=5546d462533600a40153562d2f422050","//mm.digikey.com/Volume0/opasdata/d220001/medias/images/6166/448%7ETO252AA%7E%7E2.jpg","IRFR120ZTRPBFTR-ND,IRFR120ZTRPBFCT-ND,IRFR120ZTRPBFDKR-ND","IRFR120ZTRPBF","Infineon Technologies","Infineon Technologies","MOSFET N-CH 100V 8.7A DPAK","51,742","0.68","0","1","Tape & Reel (TR),Cut Tape (CT),Digi-Reel®","HEXFET®","Active","N-Channel","MOSFET (Metal Oxide)","100 V","8.7A (Tc)","10V","190mOhm @ 5.2A, 10V","4V @ 250µA","10 nC @ 10 V","±20V","310 pF @ 25 V","-","35W (Tc)","-55°C ~ 175°C (TJ)","-","-","Surface Mount","TO-252AA (DPAK)","TO-252-3, DPAK (2 Leads + Tab), SC-63"
"https://www.infineon.com/dgdl/irfhs8342pbf.pdf?fileId=5546d462533600a401535623992e1f5f","//mm.digikey.com/Volume0/opasdata/d220001/medias/images/6296/448%7E6PQFN%28DFN2020%29-1-2X2%7E%7E6.jpg","IRFHS8342TRPBFTR-ND,IRFHS8342TRPBFCT-ND,IRFHS8342TRPBFDKR-ND","IRFHS8342TRPBF","Infineon Technologies","Infineon Technologies","MOSFET N-CH 30V 8.8A/19A TSDSON","27,983","0.68","0","1","Tape & Reel (TR),Cut Tape (CT),Digi-Reel®","HEXFET®","Last Time Buy","N-Channel","MOSFET (Metal Oxide)","30 V","8.8A (Ta), 19A (Tc)","4.5V, 10V","16mOhm @ 8.5A, 10V","2.35V @ 25µA","8.7 nC @ 10 V","±20V","600 pF @ 25 V","-","2.1W (Ta)","-55°C ~ 150°C (TJ)","-","-","Surface Mount","6-PQFN (2x2) (DFN2020)","6-PowerVDFN"
"https://assets.nexperia.com/documents/data-sheet/PMPB10XN.pdf","//mm.digikey.com/Volume0/opasdata/d220001/medias/images/761/MFG_6-DFN2020MD_View-2.jpg","1727-PMPB10XNXTR-ND,1727-PMPB10XNXCT-ND,1727-PMPB10XNXDKR-ND","PMPB10XNX","Nexperia USA Inc.","Nexperia USA Inc.","MOSFET N-CH 30V 9.5A DFN2020MD-6","7,968","0.7","0","1","Tape & Reel (TR),Cut Tape (CT),Digi-Reel®","TrenchMOS™","Active","N-Channel","MOSFET (Metal Oxide)","30 V","9.5A (Ta)","1.5V, 4.5V","13mOhm @ 9.5A, 4.5V","900mV @ 250µA","30 nC @ 4.5 V","±8V","1761 pF @ 15 V","-","3.8W (Ta), 12.5W (Tc)","-55°C ~ 150°C (TJ)","-","-","Surface Mount","DFN2020MD-6","6-UDFN Exposed Pad"
"https://www.diodes.com/assets/Datasheets/DMP6185SK3.pdf","//mm.digikey.com/Volume0/opasdata/d220001/medias/images/6210/31%7ETO252-2%7ED%2CK%7E2.jpg","31-DMP6185SK3-13TR-ND,31-DMP6185SK3-13CT-ND,31-DMP6185SK3-13DKR-ND","DMP6185SK3-13","Diodes Incorporated","Diodes Incorporated","MOSFET P-CH 60V 9.4A TO252","1,789","0.74","0","1","Tape & Reel (TR),Cut Tape (CT),Digi-Reel®","-","Active","P-Channel","MOSFET (Metal Oxide)","60 V","9.4A (Tc)","4.5V, 10V","150mOhm @ 12A, 10V","3V @ 250µA","14 nC @ 10 V","±20V","708 pF @ 30 V","-","1.6W (Ta)","-55°C ~ 150°C (TJ)","-","-","Surface Mount","TO-252-3","TO-252-3, DPAK (2 Leads + Tab), SC-63"
"https://www.vishay.com/docs/75579/sqa442ej.pdf","//mm.digikey.com/Volume0/opasdata/d220001/medias/images/6348/742%7E5934%7EDJ%7E6.jpg","SQA442EJ-T1_GE3TR-ND,SQA442EJ-T1_GE3CT-ND,SQA442EJ-T1_GE3DKR-ND","SQA442EJ-T1_GE3","Vishay Siliconix","Vishay Siliconix","MOSFET N-CH 60V 9A PPAK SC70-6","4,651","0.75","0","1","Tape & Reel (TR),Cut Tape (CT),Digi-Reel®","TrenchFET®","Active","N-Channel","MOSFET (Metal Oxide)","60 V","9A (Tc)","4.5V, 10V","32mOhm @ 3A, 10V","2.5V @ 250µA","9.7 nC @ 10 V","±20V","636 pF @ 25 V","-","13.6W (Tc)","-55°C ~ 175°C (TJ)","Automotive","AEC-Q101","Surface Mount","PowerPAK® SC-70-6","PowerPAK® SC-70-6"
"https://www.vishay.com/docs/62921/si3421dv.pdf","//mm.digikey.com/Volume0/opasdata/d220001/medias/images/6348/742%7E5540%7EDV%2CEV%7E6.jpg","SI3421DV-T1-GE3TR-ND,SI3421DV-T1-GE3CT-ND,SI3421DV-T1-GE3DKR-ND","SI3421DV-T1-GE3","Vishay Siliconix","Vishay Siliconix","MOSFET P-CH 30V 8A 6TSOP","9,319","0.77","0","1","Tape & Reel (TR),Cut Tape (CT),Digi-Reel®","TrenchFET®","Active","P-Channel","MOSFET (Metal Oxide)","30 V","8A (Tc)","4.5V, 10V","19.2mOhm @ 7A, 10V","3V @ 250µA","69 nC @ 10 V","±20V","2580 pF @ 15 V","-","2W (Ta), 4.2W (Tc)","-55°C ~ 150°C (TJ)","-","-","Surface Mount","6-TSOP","SOT-23-6 Thin, TSOT-23-6"
"https://www.onsemi.com/pdf/datasheet/fdc8878-d.pdf","//mm.digikey.com/Volume0/opasdata/d220001/medias/images/5858/488%7EMKT-MA06A%7E%7E6.jpg","FDC8878TR-ND,FDC8878CT-ND,FDC8878DKR-ND","FDC8878","onsemi","onsemi","MOSFET N-CH 30V 8A/8A SUPERSOT6","1,854","0.78","0","1","Tape & Reel (TR),Cut Tape (CT),Digi-Reel®","PowerTrench®","Active","N-Channel","MOSFET (Metal Oxide)","30 V","8A (Ta), 8A (Tc)","4.5V, 10V","16mOhm @ 8A, 10V","3V @ 250µA","18 nC @ 10 V","±20V","1040 pF @ 15 V","-","1.6W (Ta)","-55°C ~ 150°C (TJ)","-","-","Surface Mount","SuperSOT™-6","SOT-23-6 Thin, TSOT-23-6"
"https://www.diodes.com/assets/Datasheets/DMT6016LSS.pdf","//mm.digikey.com/Volume0/opasdata/d220001/medias/images/5741/31%7E8SO-3.9%7E%7E8.jpg","DMT6016LSS-13DITR-ND,DMT6016LSS-13DICT-ND,DMT6016LSS-13DIDKR-ND","DMT6016LSS-13","Diodes Incorporated","Diodes Incorporated","MOSFET N-CH 60V 9.2A 8SO","23,210","0.8","0","1","Tape & Reel (TR),Cut Tape (CT),Digi-Reel®","-","Active","N-Channel","MOSFET (Metal Oxide)","60 V","9.2A (Ta)","4.5V, 10V","18mOhm @ 10A, 10V","2.5V @ 250µA","17 nC @ 10 V","±20V","864 pF @ 30 V","-","1.5W (Ta)","-55°C ~ 150°C (TJ)","-","-","Surface Mount","8-SO","8-SOIC (0.154"", 3.90mm Width)"
"https://www.diodes.com/assets/Datasheets/DMN3024LK3.pdf","//mm.digikey.com/Volume0/opasdata/d220001/medias/images/6210/31%7ETO252-2%7ED%2CK%7E2.jpg","DMN3024LK3-13DITR-ND,DMN3024LK3-13DICT-ND,DMN3024LK3-13DIDKR-ND","DMN3024LK3-13","Diodes Incorporated","Diodes Incorporated","MOSFET N-CH 30V 9.78A TO252-3","4,955","0.82","0","1","Tape & Reel (TR),Cut Tape (CT),Digi-Reel®","-","Active","N-Channel","MOSFET (Metal Oxide)","30 V","9.78A (Ta)","4.5V, 10V","24mOhm @ 7A, 10V","3V @ 250µA","12.9 nC @ 10 V","±20V","608 pF @ 15 V","-","2.17W (Ta)","-55°C ~ 150°C (TJ)","-","-","Surface Mount","TO-252-3","TO-252-3, DPAK (2 Leads + Tab), SC-63"
"https://www.infineon.com/dgdl/Infineon-BSZ180P03NS3_G-DS-v02_01-en.pdf?fileId=db3a304326dfb13001271f04398f4ec1","//mm.digikey.com/Volume0/opasdata/d220001/medias/images/6167/448%7EPPG-TSDSON-8-1.1%7E%7E8.jpg","448-BSZ180P03NS3GATMA1TR-ND,448-BSZ180P03NS3GATMA1CT-ND,448-BSZ180P03NS3GATMA1DKR-ND","BSZ180P03NS3GATMA1","Infineon Technologies","Infineon Technologies","MOSFET P-CH 30V 9A/39.6A TSDSON","7,639","0.84","0","1","Tape & Reel (TR),Cut Tape (CT),Digi-Reel®","OptiMOS™","Active","P-Channel","MOSFET (Metal Oxide)","30 V","9A (Ta), 39.6A (Tc)","6V, 10V","18mOhm @ 20A, 10V","3.1V @ 48µA","30 nC @ 10 V","±25V","2220 pF @ 15 V","-","2.1W (Ta), 40W (Tc)","-55°C ~ 150°C (TJ)","-","-","Surface Mount","PG-TSDSON-8","8-PowerTDFN"
"https://www.infineon.com/dgdl/Infineon-SPD08P06PG-DS-v01_92-en.pdf?fileId=db3a30431ed1d7b2011f40433a224ec6","//mm.digikey.com/Volume0/opasdata/d220001/medias/images/6167/448%7EPPG-TO252-3%7E%7E2.jpg","SPD08P06PGBTMA1TR-ND,SPD08P06PGBTMA1CT-ND,SPD08P06PGBTMA1DKR-ND","SPD08P06PGBTMA1","Infineon Technologies","Infineon Technologies","MOSFET P-CH 60V 8.83A TO252-3","7,478","0.84","0","1","Tape & Reel (TR),Cut Tape (CT),Digi-Reel®","SIPMOS®","Active","P-Channel","MOSFET (Metal Oxide)","60 V","8.83A (Ta)","6.2V","300mOhm @ 10A, 6.2V","4V @ 250µA","13 nC @ 10 V","±20V","420 pF @ 25 V","-","42W (Tc)","-55°C ~ 175°C (TJ)","Automotive","AEC-Q101","Surface Mount","PG-TO252-3","TO-252-3, DPAK (2 Leads + Tab), SC-63"
"//mm.digikey.com/Volume0/opasdata/d220001/medias/docus/411/DMG7401SFG.pdf","//mm.digikey.com/Volume0/opasdata/d220001/medias/images/6295/31%7EPOWERDI3333-8%7E%7E8.jpg","DMG7401SFG-7DITR-ND,DMG7401SFG-7DICT-ND,DMG7401SFG-7DIDKR-ND","DMG7401SFG-7","Diodes Incorporated","Diodes Incorporated","MOSFET P-CH 30V 9.8A PWRDI3333-8","5,445","0.84","0","1","Tape & Reel (TR),Cut Tape (CT),Digi-Reel®","-","Active","P-Channel","MOSFET (Metal Oxide)","30 V","9.8A (Ta)","4.5V, 20V","11mOhm @ 12A, 20V","3V @ 250µA","58 nC @ 10 V","±25V","2987 pF @ 15 V","-","940mW (Ta)","-55°C ~ 150°C (TJ)","-","-","Surface Mount","POWERDI3333-8","8-PowerVDFN"
"https://www.vishay.com/docs/68603/si3483cd.pdf","//mm.digikey.com/Volume0/opasdata/d220001/medias/images/6348/742%7E5540%7EDV%2CEV%7E6.jpg","SI3483CDV-T1-GE3TR-ND,SI3483CDV-T1-GE3CT-ND,SI3483CDV-T1-GE3DKR-ND","SI3483CDV-T1-GE3","Vishay Siliconix","Vishay Siliconix","MOSFET P-CH 30V 8A 6TSOP","80,095","0.85","0","1","Tape & Reel (TR),Cut Tape (CT),Digi-Reel®","TrenchFET®","Active","P-Channel","MOSFET (Metal Oxide)","30 V","8A (Tc)","4.5V, 10V","34mOhm @ 6.1A, 10V","3V @ 250µA","33 nC @ 10 V","±20V","1000 pF @ 15 V","-","2W (Ta), 4.2W (Tc)","-55°C ~ 150°C (TJ)","-","-","Surface Mount","6-TSOP","SOT-23-6 Thin, TSOT-23-6"
"https://www.vishay.com/docs/63412/sq3418ev.pdf","//mm.digikey.com/Volume0/opasdata/d220001/medias/images/3762/742%7E5540%7EDV%2C-EV%7E6.jpg","SQ3418EV-T1_GE3TR-ND,SQ3418EV-T1_GE3CT-ND,SQ3418EV-T1_GE3DKR-ND","SQ3418EV-T1_GE3","Vishay Siliconix","Vishay Siliconix","MOSFET N-CHANNEL 40V 8A 6TSOP","34,226","0.85","0","1","Tape & Reel (TR),Cut Tape (CT),Digi-Reel®","TrenchFET®","Active","N-Channel","MOSFET (Metal Oxide)","40 V","8A (Tc)","4.5V, 10V","32mOhm @ 5A, 10V","2.5V @ 250µA","12.7 nC @ 10 V","±20V","678 pF @ 20 V","-","5W (Tc)","-55°C ~ 175°C (TJ)","Automotive","AEC-Q101","Surface Mount","6-TSOP","SOT-23-6 Thin, TSOT-23-6"
"https://rocelec.widen.net/view/pdf/tljeaozpnb/FAIRS24004-1.pdf?t.download=true&u=5oefqw","//mm.digikey.com/Volume0/opasdata/d220001/medias/images/6164/488%7EMKT-M08A%7ED%2CM%2CTF%7E8.jpg","FDS8884TR-ND,FDS8884CT-ND,FDS8884DKR-ND","FDS8884","onsemi","onsemi","MOSFET N-CH 30V 8.5A 8SOIC","12,093","0.86","0","1","Tape & Reel (TR),Cut Tape (CT),Digi-Reel®","PowerTrench®","Active","N-Channel","MOSFET (Metal Oxide)","30 V","8.5A (Ta)","4.5V, 10V","23mOhm @ 8.5A, 10V","2.5V @ 250µA","13 nC @ 10 V","±20V","635 pF @ 15 V","-","2.5W (Ta)","-55°C ~ 155°C (TJ)","-","-","Surface Mount","8-SOIC","8-SOIC (0.154"", 3.90mm Width)"
"https://www.vishay.com/docs/77077/sq3495ev.pdf","//mm.digikey.com/Volume0/opasdata/d220001/medias/images/3762/742%7E5540%7EDV%2C-EV%7E6.jpg","742-SQ3495EV-T1_GE3TR-ND,742-SQ3495EV-T1_GE3CT-ND,742-SQ3495EV-T1_GE3DKR-ND","SQ3495EV-T1_GE3","Vishay Siliconix","Vishay Siliconix","MOSFET P-CH 30V 8A 6TSOP","14,780","0.87","0","1","Tape & Reel (TR),Cut Tape (CT),Digi-Reel®","TrenchFET®","Active","P-Channel","MOSFET (Metal Oxide)","30 V","8A (Tc)","2.5V, 10V","21mOhm @ 5A, 4.5V","1.4V @ 250µA","41 nC @ 4.5 V","±12V","3950 pF @ 20 V","-","5W (Tc)","-55°C ~ 175°C (TJ)","Automotive","AEC-Q101","Surface Mount","6-TSOP","SOT-23-6 Thin, TSOT-23-6"
"https://www.vishay.com/docs/91301/irl620.pdf","//mm.digikey.com/Volume0/opasdata/d220001/medias/images/6348/742%7E5471%7E%7E3.jpg","IRF520PBF-ND","IRF520PBF","Vishay Siliconix","Vishay Siliconix","MOSFET N-CH 100V 9.2A TO220AB","2,166","0.87","0","1","Tube","-","Active","N-Channel","MOSFET (Metal Oxide)","100 V","9.2A (Tc)","10V","270mOhm @ 5.5A, 10V","4V @ 250µA","16 nC @ 10 V","±20V","360 pF @ 25 V","-","60W (Tc)","-55°C ~ 175°C (TJ)","-","-","Through Hole","TO-220AB","TO-220-3"
"https://assets.nexperia.com/documents/data-sheet/PXP012-30QL.pdf","//mm.digikey.com/Volume0/opasdata/d220001/medias/images/2613/1727%7ESOT8002-1%7E%7E8.JPG","1727-PXP012-30QLJTR-ND,1727-PXP012-30QLJCT-ND,1727-PXP012-30QLJDKR-ND","PXP012-30QLJ","Nexperia USA Inc.","Nexperia USA Inc.","P-CHANNEL TRENCH MOSFET","21,940","0.91","0","1","Tape & Reel (TR),Cut Tape (CT),Digi-Reel®","-","Active","P-Channel","MOSFET (Metal Oxide)","30 V","8.9A (Ta), 38.8A (Tc)","4.5V, 10V","12.8mOhm @ 9A, 10V","2V @ 250µA","43.4 nC @ 10 V","±25V","1400 pF @ 15 V","-","1.7W (Ta), 32W (Tc)","-55°C ~ 150°C (TJ)","-","-","Surface Mount","MLPAK33","8-PowerVDFN"
"//mm.digikey.com/Volume0/opasdata/d220001/medias/docus/2525/Automotive%20Verbiage%20for%20Distribution%20-TAEC%20Letterhead.pdf","//mm.digikey.com/Volume0/opasdata/d220001/medias/images/6449/264%7E2-7M1A%7E%7E2.jpg","264-TJ8S06M3LLXHQTR-ND,264-TJ8S06M3LLXHQCT-ND,264-TJ8S06M3LLXHQDKR-ND","TJ8S06M3L,LXHQ","Toshiba Semiconductor and Storage","Toshiba Semiconductor and Storage","MOSFET P-CH 60V 8A DPAK","2,600","0.91","0","1","Tape & Reel (TR),Cut Tape (CT),Digi-Reel®","U-MOSVI","Active","P-Channel","MOSFET (Metal Oxide)","60 V","8A (Ta)","6V, 10V","104mOhm @ 4A, 10V","3V @ 1mA","19 nC @ 10 V","+10V, -20V","890 pF @ 10 V","-","27W (Tc)","175°C","Automotive","AEC-Q101","Surface Mount","DPAK+","TO-252-3, DPAK (2 Leads + Tab), SC-63"
"https://www.vishay.com/docs/75996/si4401fdy.pdf","//mm.digikey.com/Volume0/opasdata/d220001/medias/images/6349/742%7E8SO-3.9%7E%7E8.jpg","SI4401FDY-T1-GE3TR-ND,SI4401FDY-T1-GE3CT-ND,SI4401FDY-T1-GE3DKR-ND","SI4401FDY-T1-GE3","Vishay Siliconix","Vishay Siliconix","MOSFET P-CH 40V 9.9A/14A 8SO","37,213","0.93","0","1","Tape & Reel (TR),Cut Tape (CT),Digi-Reel®","TrenchFET® Gen III","Active","P-Channel","MOSFET (Metal Oxide)","40 V","9.9A (Ta), 14A (Tc)","4.5V, 10V","14.2mOhm @ 10A, 10V","2.3V @ 250µA","100 nC @ 10 V","±20V","4000 pF @ 20 V","-","2.5W (Ta), 5W (Tc)","-55°C ~ 150°C (TJ)","-","-","Surface Mount","8-SO","8-SOIC (0.154"", 3.90mm Width)"
"https://www.vishay.com/docs/68805/sis406dn.pdf","//mm.digikey.com/Volume0/opasdata/d220001/medias/images/6348/742%7E5882%7EDN%7E8.jpg","SIS406DN-T1-GE3TR-ND,SIS406DN-T1-GE3CT-ND,SIS406DN-T1-GE3DKR-ND","SIS406DN-T1-GE3","Vishay Siliconix","Vishay Siliconix","MOSFET N-CH 30V 9A PPAK1212-8","8,735","0.93","0","1","Tape & Reel (TR),Cut Tape (CT),Digi-Reel®","TrenchFET®","Active","N-Channel","MOSFET (Metal Oxide)","30 V","9A (Ta)","4.5V, 10V","11mOhm @ 12A, 10V","3V @ 250µA","28 nC @ 10 V","±25V","1100 pF @ 15 V","-","1.5W (Ta)","-55°C ~ 150°C (TJ)","-","-","Surface Mount","PowerPAK® 1212-8","PowerPAK® 1212-8"
"https://www.onsemi.com/pdf/datasheet/ntd3055-150-d.pdf","//mm.digikey.com/Volume0/opasdata/d220001/medias/images/5044/488%7E369C-01%7ED%2CDT%7E2.jpg","NTD3055-150T4GOSTR-ND,NTD3055-150T4GOSCT-ND,NTD3055-150T4GOSDKR-ND","NTD3055-150T4G","onsemi","onsemi","MOSFET N-CH 60V 9A DPAK","4,058","0.95","0","1","Tape & Reel (TR),Cut Tape (CT),Digi-Reel®","-","Active","N-Channel","MOSFET (Metal Oxide)","60 V","9A (Ta)","10V","150mOhm @ 4.5A, 10V","4V @ 250µA","15 nC @ 10 V","±20V","280 pF @ 25 V","-","1.5W (Ta), 28.8W (Tj)","-55°C ~ 175°C (TJ)","-","-","Surface Mount","DPAK","TO-252-3, DPAK (2 Leads + Tab), SC-63"
"https://www.vishay.com/docs/69254/si3410dv.pdf","//mm.digikey.com/Volume0/opasdata/d220001/medias/images/6348/742%7E5540%7EDV%2CEV%7E6.jpg","SI3410DV-T1-GE3TR-ND,SI3410DV-T1-GE3CT-ND,SI3410DV-T1-GE3DKR-ND","SI3410DV-T1-GE3","Vishay Siliconix","Vishay Siliconix","MOSFET N-CH 30V 8A 6TSOP","14,459","0.96","0","1","Tape & Reel (TR),Cut Tape (CT),Digi-Reel®","TrenchFET®","Active","N-Channel","MOSFET (Metal Oxide)","30 V","8A (Tc)","4.5V, 10V","19.5mOhm @ 5A, 10V","3V @ 250µA","33 nC @ 10 V","±20V","1295 pF @ 15 V","-","2W (Ta), 4.1W (Tc)","-55°C ~ 150°C (TJ)","-","-","Surface Mount","6-TSOP","SOT-23-6 Thin, TSOT-23-6"
"https://assets.nexperia.com/documents/data-sheet/BUK9Y153-100E.pdf","//mm.digikey.com/Volume0/opasdata/d220001/medias/images/6530/MFG_1727%7ESOT669%7E%7E4.jpg","1727-1493-2-ND,1727-1493-1-ND,1727-1493-6-ND","BUK9Y153-100E,115","Nexperia USA Inc.","Nexperia USA Inc.","MOSFET N-CH 100V 9.4A LFPAK56","7,546","0.98","0","1","Tape & Reel (TR),Cut Tape (CT),Digi-Reel®","TrenchMOS™","Active","N-Channel","MOSFET (Metal Oxide)","100 V","9.4A (Tc)","5V","146mOhm @ 2A, 10V","2.1V @ 1mA","6.8 nC @ 5 V","±10V","716 pF @ 25 V","-","37W (Tc)","-55°C ~ 175°C (TJ)","Automotive","AEC-Q101","Surface Mount","LFPAK56, Power-SO8","SC-100, SOT-669"
"https://www.onsemi.com/pdf/datasheet/nttfs6h860nl-d.pdf","//mm.digikey.com/Volume0/opasdata/d220001/medias/images/6295/488%7E511AB%7E%7E8.jpg","488-NTTFS6H860NLTAGTR-ND,488-NTTFS6H860NLTAGCT-ND,488-NTTFS6H860NLTAGDKR-ND","NTTFS6H860NLTAG","onsemi","onsemi","MOSFET N-CH 80V 8.1A/30A 8WDFN","3,489","0.99","0","1","Tape & Reel (TR),Cut Tape (CT),Digi-Reel®","-","Active","N-Channel","MOSFET (Metal Oxide)","80 V","8.1A (Ta), 30A (Tc)","4.5V, 10V","20mOhm @ 5A, 10V","2V @ 30µA","12 nC @ 10 V","±20V","610 pF @ 40 V","-","3.1W (Ta), 42W (Tc)","-55°C ~ 175°C (TJ)","-","-","Surface Mount","8-WDFN (3.3x3.3)","8-PowerWDFN"
"https://www.st.com/content/ccc/resource/technical/document/datasheet/group3/53/86/08/77/e2/3d/48/5f/DM00348259/files/DM00348259.pdf/jcr:content/translations/en.DM00348259.pdf","//mm.digikey.com/Volume0/opasdata/d220001/medias/images/2802/497%7E8SOIC-3.9%7E%7E8.jpg","497-17150-2-ND,497-17150-1-ND,497-17150-6-ND","STS8N6LF6AG","STMicroelectronics","STMicroelectronics","MOSFET N-CHANNEL 60V 8A 8SO","1,170","0.99","0","1","Tape & Reel (TR),Cut Tape (CT),Digi-Reel®","STripFET™ F6","Active","N-Channel","MOSFET (Metal Oxide)","60 V","8A (Ta)","4.5V, 10V","24mOhm @ 4A, 10V","2.5V @ 250µA","27 nC @ 10 V","±20V","1340 pF @ 25 V","-","3.2W (Ta)","-55°C ~ 175°C (TJ)","Automotive","AEC-Q101","Surface Mount","8-SOIC","8-SOIC (0.154"", 3.90mm Width)"
"https://www.diodes.com/assets/Datasheets/DMT6012LFDF.pdf","//mm.digikey.com/Volume0/opasdata/d220001/medias/images/6347/31%7EU-DFN2020-6-TYPEF%7EF%7E6.jpg","31-DMT6012LFDF-7TR-ND,31-DMT6012LFDF-7CT-ND,31-DMT6012LFDF-7DKR-ND","DMT6012LFDF-7","Diodes Incorporated","Diodes Incorporated","MOSFET N-CH 60V 9.5A 6UDFN","744","1.02","0","1","Tape & Reel (TR),Cut Tape (CT),Digi-Reel®","-","Active","N-Channel","MOSFET (Metal Oxide)","60 V","9.5A (Ta)","4.5V, 10V","14mOhm @ 8.5A, 10V","2.3V @ 250µA","13.6 nC @ 10 V","±20V","785 pF @ 30 V","-","900mW (Ta), 11W (Tc)","-55°C ~ 150°C (TJ)","-","-","Surface Mount","U-DFN2020-6 (Type F)","6-UDFN Exposed Pad"
"https://www.infineon.com/dgdl/irf520npbf.pdf?fileId=5546d462533600a4015355e340711985","//mm.digikey.com/Volume0/opasdata/d220001/medias/images/376/698-TO-220AB.jpg","IRF520NPBF-ND","IRF520NPBF","Infineon Technologies","Infineon Technologies","MOSFET N-CH 100V 9.7A TO220AB","3,113","1.03","0","1","Tube","HEXFET®","Active","N-Channel","MOSFET (Metal Oxide)","100 V","9.7A (Tc)","10V","200mOhm @ 5.7A, 10V","4V @ 250µA","25 nC @ 10 V","±20V","330 pF @ 25 V","-","48W (Tc)","-55°C ~ 175°C (TJ)","-","-","Through Hole","TO-220AB","TO-220-3"
"https://www.vishay.com/docs/68748/si4431cd.pdf","//mm.digikey.com/Volume0/opasdata/d220001/medias/images/6348/742%7E5498%7EDY%2CEY%7E8.jpg","SI4431CDY-T1-E3TR-ND,SI4431CDY-T1-E3CT-ND,SI4431CDY-T1-E3DKR-ND","SI4431CDY-T1-E3","Vishay Siliconix","Vishay Siliconix","MOSFET P-CH 30V 9A 8SO","5,666","1.05","0","1","Tape & Reel (TR),Cut Tape (CT),Digi-Reel®","TrenchFET®","Active","P-Channel","MOSFET (Metal Oxide)","30 V","9A (Tc)","4.5V, 10V","32mOhm @ 7A, 10V","2.5V @ 250µA","38 nC @ 10 V","±20V","1006 pF @ 15 V","-","4.2W (Tc)","-55°C ~ 150°C (TJ)","-","-","Surface Mount","8-SOIC","8-SOIC (0.154"", 3.90mm Width)"
"https://www.onsemi.com/download/data-sheet/pdf/nvmfs6h858nl-d.pdf","//mm.digikey.com/Volume0/opasdata/d220001/medias/images/6285/488%7E488AA%7E%7E5.jpg","488-NVMFS6H858NLT1GTR-ND,488-NVMFS6H858NLT1GCT-ND,488-NVMFS6H858NLT1GDKR-ND","NVMFS6H858NLT1G","onsemi","onsemi","MOSFET N-CH 80V 8.7A/30A 5DFN","2,022","1.05","0","1","Tape & Reel (TR),Cut Tape (CT),Digi-Reel®","-","Active","N-Channel","MOSFET (Metal Oxide)","80 V","8.7A (Ta), 30A (Tc)","4.5V, 10V","19.5mOhm @ 5A, 10V","2V @ 30µA","12 nC @ 10 V","±20V","623 pF @ 40 V","-","3.5W (Ta), 42W (Tc)","-55°C ~ 175°C (TJ)","Automotive","AEC-Q101","Surface Mount","5-DFN (5x6) (8-SOFL)","8-PowerTDFN, 5 Leads"
"https://toshiba.semicon-storage.com/info/datasheet_en_20160223.pdf?did=13672","//mm.digikey.com/Volume0/opasdata/d220001/medias/images/6449/264%7E2-3V1S%7E%7E8.jpg","264-TPCP8107LFTR-ND,264-TPCP8107LFCT-ND,264-TPCP8107LFDKR-ND","TPCP8107,LF","Toshiba Semiconductor and Storage","Toshiba Semiconductor and Storage","MOSFET P-CH 40V 8A PS-8","4,756","1.06","0","1","Tape & Reel (TR),Cut Tape (CT),Digi-Reel®","U-MOSVI","Active","P-Channel","MOSFET (Metal Oxide)","40 V","8A (Ta)","6V, 10V","18mOhm @ 4A, 10V","3V @ 1mA","44.6 nC @ 10 V","+10V, -20V","2160 pF @ 10 V","-","1W (Ta)","175°C","Automotive","AEC-Q101","Surface Mount","PS-8","8-SMD, Flat Leads"
"https://www.infineon.com/dgdl/irfr120npbf.pdf?fileId=5546d462533600a40153562d2620204d","//mm.digikey.com/Volume0/opasdata/d220001/medias/images/6164/448%7EIPAK%28TO251AA%29%7E%7E3.jpg","IRFU120NPBF-ND","IRFU120NPBF","Infineon Technologies","Infineon Technologies","MOSFET N-CH 100V 9.4A IPAK","1,903","1.07","0","1","Tube","HEXFET®","Active","N-Channel","MOSFET (Metal Oxide)","100 V","9.4A (Tc)","10V","210mOhm @ 5.6A, 10V","4V @ 250µA","25 nC @ 10 V","±20V","330 pF @ 25 V","-","48W (Tc)","-55°C ~ 175°C (TJ)","-","-","Through Hole","IPAK (TO-251AA)","TO-251-3 Short Leads, IPAK, TO-251AA"
"https://www.diodes.com/assets/Datasheets/DMPH4029LFGQ.pdf","//mm.digikey.com/Volume0/opasdata/d220001/medias/images/6295/31%7EPOWERDI3333-8%7E%7E8.jpg","31-DMPH4029LFGQ-7TR-ND,31-DMPH4029LFGQ-7CT-ND,31-DMPH4029LFGQ-7DKR-ND","DMPH4029LFGQ-7","Diodes Incorporated","Diodes Incorporated","MOSFET P-CH 40V 8A/22A PWRDI3333","721","1.08","0","1","Tape & Reel (TR),Cut Tape (CT),Digi-Reel®","-","Active","P-Channel","MOSFET (Metal Oxide)","40 V","8A (Ta), 22A (Tc)","4.5V, 10V","29mOhm @ 3A, 10V","3V @ 250µA","34 nC @ 10 V","±20V","1626 pF @ 20 V","-","1.2W (Ta)","-55°C ~ 175°C (TJ)","Automotive","AEC-Q101","Surface Mount","POWERDI3333-8","8-PowerVDFN"
"https://www.onsemi.com/pdf/datasheet/ntmfs4c09n-d.pdf","//mm.digikey.com/Volume0/opasdata/d220001/medias/images/6285/488%7E488AA%7E%7E5.jpg","NTMFS4C09NT1GOSTR-ND,NTMFS4C09NT1GOSCT-ND,NTMFS4C09NT1GOSDKR-ND","NTMFS4C09NT1G","onsemi","onsemi","MOSFET N-CH 30V 9A 5DFN","5,305","1.09","0","1","Tape & Reel (TR),Cut Tape (CT),Digi-Reel®","-","Active","N-Channel","MOSFET (Metal Oxide)","30 V","9A (Ta)","4.5V, 10V","5.8mOhm @ 30A, 10V","2.1V @ 250µA","10.9 nC @ 4.5 V","±20V","1252 pF @ 15 V","-","760mW (Ta), 25.5W (Tc)","-55°C ~ 150°C (TJ)","-","-","Surface Mount","5-DFN (5x6) (8-SOFL)","8-PowerTDFN, 5 Leads"
"https://www.vishay.com/docs/75525/sqs460enw.pdf","//mm.digikey.com/Volume0/opasdata/d220001/medias/images/6348/742%7E6032%7E%7E8.jpg","SQS460ENW-T1_GE3TR-ND,SQS460ENW-T1_GE3CT-ND,SQS460ENW-T1_GE3DKR-ND","SQS460ENW-T1_GE3","Vishay Siliconix","Vishay Siliconix","MOSFET N-CH 60V 8A PPAK1212-8W","5,011","1.09","0","1","Tape & Reel (TR),Cut Tape (CT),Digi-Reel®","-","Active","N-Channel","MOSFET (Metal Oxide)","60 V","8A (Tc)","4.5V, 10V","36mOhm @ 5.3A, 10V","2.5V @ 250µA","20 nC @ 10 V","±20V","755 pF @ 25 V","-","39W (Tc)","-55°C ~ 175°C (TJ)","Automotive","AEC-Q101","Surface Mount","PowerPAK® 1212-8W","PowerPAK® 1212-8W"
"https://www.infineon.com/dgdl/irf7469pbf.pdf?fileId=5546d462533600a4015355ff18861c12","//mm.digikey.com/Volume0/opasdata/d220001/medias/images/4847/448_8-SOIC.jpg","IRF7469PBFTR-ND,IRF7469PBFCT-ND,IRF7469PBFDKR-ND","IRF7469TRPBF","Infineon Technologies","Infineon Technologies","MOSFET N-CH 40V 9A 8SO","739","1.15","0","1","Tape & Reel (TR),Cut Tape (CT),Digi-Reel®","HEXFET®","Active","N-Channel","MOSFET (Metal Oxide)","40 V","9A (Ta)","4.5V, 10V","17mOhm @ 9A, 10V","3V @ 250µA","23 nC @ 4.5 V","±20V","2000 pF @ 20 V","-","2.5W (Ta)","-55°C ~ 150°C (TJ)","-","-","Surface Mount","8-SO","8-SOIC (0.154"", 3.90mm Width)"
"https://www.panjit.com.tw/upload/datasheet/PJD50P04.pdf","//mm.digikey.com/Volume0/opasdata/d220001/medias/images/2493/3757%7ETO252AA%7E%7E2.jpg","3757-PJD50P04_L2_00001TR-ND,3757-PJD50P04_L2_00001CT-ND,3757-PJD50P04_L2_00001DKR-ND","PJD50P04_L2_00001","Panjit International Inc.","Panjit International Inc.","40V P-CHANNEL ENHANCEMENT MODE M","1,726","1.19","0","1","Tape & Reel (TR),Cut Tape (CT),Digi-Reel®","-","Active","P-Channel","MOSFET (Metal Oxide)","40 V","9A (Ta), 50A (Tc)","4.5V, 10V","12mOhm @ 10A, 10V","2.5V @ 250µA","23 nC @ 4.5 V","±20V","2767 pF @ 25 V","-","2W (Ta), 63W (Tc)","-55°C ~ 150°C (TJ)","-","-","Surface Mount","TO-252AA","TO-252-3, DPAK (2 Leads + Tab), SC-63"
"https://www.vishay.com/docs/91017/irf520.pdf","//mm.digikey.com/Volume0/opasdata/d220001/medias/images/6348/742%7E6031%7E%7E3.jpg","742-IRF520PBF-BE3-ND","IRF520PBF-BE3","Vishay Siliconix","Vishay Siliconix","MOSFET N-CH 100V 9.2A TO220AB","3,353","1.21","0","1","Tube","-","Active","N-Channel","MOSFET (Metal Oxide)","100 V","9.2A (Tc)","10V","270mOhm @ 5.5A, 10V","4V @ 250µA","16 nC @ 10 V","±20V","360 pF @ 25 V","-","60W (Tc)","-55°C ~ 175°C (TJ)","-","-","Through Hole","TO-220AB","TO-220-3"
"https://www.infineon.com/dgdl/SPD09P06PL+Rev2.5.pdf?folderId=db3a30431ed1d7b2011f4042f2ff4ec5&fileId=db3a30431ed1d7b2011f40486c6a4ed4","//mm.digikey.com/Volume0/opasdata/d220001/medias/images/6167/448%7EPPG-TO252-3%7E%7E2.jpg","SPD09P06PLGBTMA1TR-ND,SPD09P06PLGBTMA1CT-ND,SPD09P06PLGBTMA1DKR-ND","SPD09P06PLGBTMA1","Infineon Technologies","Infineon Technologies","MOSFET P-CH 60V 9.7A TO252-3","7,141","1.22","0","1","Tape & Reel (TR),Cut Tape (CT),Digi-Reel®","SIPMOS®","Active","P-Channel","MOSFET (Metal Oxide)","60 V","9.7A (Tc)","4.5V, 10V","250mOhm @ 6.8A, 10V","2V @ 250µA","21 nC @ 10 V","±20V","450 pF @ 25 V","-","42W (Tc)","-55°C ~ 175°C (TJ)","Automotive","AEC-Q101","Surface Mount","PG-TO252-3","TO-252-3, DPAK (2 Leads + Tab), SC-63"
"https://www.diodes.com/assets/Datasheets/DMP4015SPS.pdf","//mm.digikey.com/Volume0/opasdata/d220001/medias/images/6210/31%7EPOWERDI5060-8%7E%7E8.jpg","DMP4015SPS-13DITR-ND,DMP4015SPS-13DICT-ND,DMP4015SPS-13DIDKR-ND","DMP4015SPS-13","Diodes Incorporated","Diodes Incorporated","MOSFET P-CH 40V 8.5A PWRDI5060-8","11,975","1.23","0","1","Tape & Reel (TR),Cut Tape (CT),Digi-Reel®","-","Active","P-Channel","MOSFET (Metal Oxide)","40 V","8.5A (Ta)","4.5V, 10V","11mOhm @ 9.8A, 10V","2.5V @ 250µA","47.5 nC @ 5 V","±25V","4234 pF @ 20 V","-","1.3W (Ta)","-55°C ~ 150°C (TJ)","-","-","Surface Mount","PowerDI5060-8","8-PowerTDFN"
"https://www.vishay.com/docs/73434/si7309dn.pdf","//mm.digikey.com/Volume0/opasdata/d220001/medias/images/6348/742%7E5882%7EDN%7E8.jpg","SI7309DN-T1-E3TR-ND,SI7309DN-T1-E3CT-ND,SI7309DN-T1-E3DKR-ND","SI7309DN-T1-E3","Vishay Siliconix","Vishay Siliconix","MOSFET P-CH 60V 8A PPAK1212-8","10,911","1.23","0","1","Tape & Reel (TR),Cut Tape (CT),Digi-Reel®","TrenchFET®","Active","P-Channel","MOSFET (Metal Oxide)","60 V","8A (Tc)","4.5V, 10V","115mOhm @ 3.9A, 10V","3V @ 250µA","22 nC @ 10 V","±20V","600 pF @ 30 V","-","3.2W (Ta), 19.8W (Tc)","-55°C ~ 150°C (TJ)","-","-","Surface Mount","PowerPAK® 1212-8","PowerPAK® 1212-8"
"https://www.vishay.com/docs/73434/si7309dn.pdf","//mm.digikey.com/Volume0/opasdata/d220001/medias/images/6348/742%7E5882%7EDN%7E8.jpg","SI7309DN-T1-GE3TR-ND,SI7309DN-T1-GE3CT-ND,SI7309DN-T1-GE3DKR-ND","SI7309DN-T1-GE3","Vishay Siliconix","Vishay Siliconix","MOSFET P-CH 60V 8A PPAK1212-8","8,456","1.23","0","1","Tape & Reel (TR),Cut Tape (CT),Digi-Reel®","TrenchFET®","Active","P-Channel","MOSFET (Metal Oxide)","60 V","8A (Tc)","4.5V, 10V","115mOhm @ 3.9A, 10V","3V @ 250µA","22 nC @ 10 V","±20V","600 pF @ 30 V","-","3.2W (Ta), 19.8W (Tc)","-55°C ~ 150°C (TJ)","-","-","Surface Mount","PowerPAK® 1212-8","PowerPAK® 1212-8"
"https://www.onsemi.com/pdf/datasheet/nvmfs021n10mcl-d.pdf","//mm.digikey.com/Volume0/opasdata/d220001/medias/images/6285/488%7E488AA%7E%7E5.jpg","488-NVMFS021N10MCLT1GTR-ND,488-NVMFS021N10MCLT1GCT-ND,488-NVMFS021N10MCLT1GDKR-ND","NVMFS021N10MCLT1G","onsemi","onsemi","PTNG 100V LL SO8FL","3,812","1.25","0","1","Tape & Reel (TR),Cut Tape (CT),Digi-Reel®","-","Active","N-Channel","MOSFET (Metal Oxide)","100 V","8.4A (Ta), 31A (Tc)","4.5V, 10V","23mOhm @ 7A, 10V","3V @ 42µA","13 nC @ 10 V","±20V","850 pF @ 50 V","-","3.6W (Ta), 49W (Tc)","-55°C ~ 175°C (TJ)","Automotive","AEC-Q101","Surface Mount","5-DFN (5x6) (8-SOFL)","8-PowerTDFN, 5 Leads"
"https://www.onsemi.com/pdf/datasheet/nvtfs5c680nl-d.pdf","//mm.digikey.com/Volume0/opasdata/d220001/medias/images/4955/488%3B-511AB%3B-%3B-8.jpg","NVTFS5C680NLTAGOSTR-ND,NVTFS5C680NLTAGOSCT-ND,NVTFS5C680NLTAGOSDKR-ND","NVTFS5C680NLTAG","onsemi","onsemi","MOSFET N-CH 60V 7.82A/20A 8WDFN","10,395","1.27","0","1","Tape & Reel (TR),Cut Tape (CT),Digi-Reel®","-","Active","N-Channel","MOSFET (Metal Oxide)","60 V","7.82A (Ta), 20A (Tc)","4.5V, 10V","26.5mOhm @ 10A, 10V","2.2V @ 250µA","6 nC @ 10 V","±20V","327 pF @ 25 V","-","3W (Ta), 20W (Tc)","-55°C ~ 175°C (TJ)","Automotive","AEC-Q101","Surface Mount","8-WDFN (3.3x3.3)","8-PowerWDFN"
"https://www.onsemi.com/pdf/datasheet/nvmfs5c680nl-d.pdf","//mm.digikey.com/Volume0/opasdata/d220001/medias/images/6285/488%7E488AA%7E%7E5.jpg","NVMFS5C680NLT1GOSTR-ND,NVMFS5C680NLT1GOSCT-ND,NVMFS5C680NLT1GOSDKR-ND","NVMFS5C680NLT1G","onsemi","onsemi","MOSFET N-CH 60V 8.1A/21A 5DFN","977","1.3","0","1","Tape & Reel (TR),Cut Tape (CT),Digi-Reel®","-","Active","N-Channel","MOSFET (Metal Oxide)","60 V","8.1A (Ta), 21A (Tc)","4.5V, 10V","27.5mOhm @ 7.5A, 10V","2.2V @ 13µA","5.8 nC @ 10 V","±20V","330 pF @ 25 V","-","3.4W (Ta), 24W (Tc)","-55°C ~ 175°C (TJ)","Automotive","AEC-Q101","Surface Mount","5-DFN (5x6) (8-SOFL)","8-PowerTDFN, 5 Leads"
"https://www.onsemi.com/pdf/datasheet/nvtfs015n04c-d.pdf","//mm.digikey.com/Volume0/opasdata/d220001/medias/images/6295/488%7E511AB%7E%7E8.jpg","NVTFS015N04CTAGOSTR-ND,NVTFS015N04CTAGOSCT-ND,NVTFS015N04CTAGOSDKR-ND","NVTFS015N04CTAG","onsemi","onsemi","MOSFET N-CH 40V 9.4A/27A 8WDFN","2,560","1.37","0","1","Tape & Reel (TR),Cut Tape (CT),Digi-Reel®","-","Active","N-Channel","MOSFET (Metal Oxide)","40 V","9.4A (Ta), 27A (Tc)","10V","17.3mOhm @ 7.5A, 10V","3.5V @ 20µA","6.3 nC @ 10 V","±20V","325 pF @ 25 V","-","2.9W (Ta), 23W (Tc)","-55°C ~ 175°C (TJ)","Automotive","AEC-Q101","Surface Mount","8-WDFN (3.3x3.3)","8-PowerWDFN"
"https://www.st.com/content/ccc/resource/technical/document/datasheet/fb/d3/14/09/cf/d0/41/7f/DM00105649.pdf/files/DM00105649.pdf/jcr:content/translations/en.DM00105649.pdf","//mm.digikey.com/Volume0/opasdata/d220001/medias/images/6256/497%7E8465286%7E%7E8.jpg","497-17897-2-ND,497-17897-1-ND,497-17897-6-ND","STL9P3LLH6","STMicroelectronics","STMicroelectronics","MOSFET P-CH 30V 9A POWERFLAT","32,528","1.39","0","1","Tape & Reel (TR),Cut Tape (CT),Digi-Reel®","STripFET™ H6","Active","P-Channel","MOSFET (Metal Oxide)","30 V","9A (Tc)","4.5V, 10V","15mOhm @ 4.5A, 10V","1V @ 250µA (Min)","24 nC @ 4.5 V","±20V","2615 pF @ 25 V","-","3W (Ta)","-55°C ~ 150°C (TJ)","-","-","Surface Mount","PowerFlat™ (3.3x3.3)","8-PowerVDFN"
"http://www.vishay.com/docs/91278/sihfr902.pdf","//mm.digikey.com/Volume0/opasdata/d220001/medias/images/6348/742%7E5973%7EB%2CD%2CFN%2CR%2CS%2CW%7E3.jpg","IRFR9024PBFTR-ND,IRFR9024PBFCT-ND,IRFR9024PBFDKR-ND","IRFR9024TRPBF","Vishay Siliconix","Vishay Siliconix","MOSFET P-CH 60V 8.8A DPAK","5,968","1.4","0","1","Tape & Reel (TR),Cut Tape (CT),Digi-Reel®","-","Active","P-Channel","MOSFET (Metal Oxide)","60 V","8.8A (Tc)","10V","280mOhm @ 5.3A, 10V","4V @ 250µA","19 nC @ 10 V","±20V","570 pF @ 25 V","-","2.5W (Ta), 42W (Tc)","-55°C ~ 150°C (TJ)","-","-","Surface Mount","DPAK","TO-252-3, DPAK (2 Leads + Tab), SC-63"
"https://www.vishay.com/docs/71727/sqs462en.pdf","//mm.digikey.com/Volume0/opasdata/d220001/medias/images/2585/Pkg%205882.jpg","SQS462EN-T1_GE3TR-ND,SQS462EN-T1_GE3CT-ND,SQS462EN-T1_GE3DKR-ND","SQS462EN-T1_GE3","Vishay Siliconix","Vishay Siliconix","MOSFET N-CH 60V 8A PPAK1212-8","7,850","1.41","0","1","Tape & Reel (TR),Cut Tape (CT),Digi-Reel®","TrenchFET®","Active","N-Channel","MOSFET (Metal Oxide)","60 V","8A (Tc)","4.5V, 10V","63mOhm @ 4.3A, 10V","2.5V @ 250µA","12 nC @ 10 V","±20V","470 pF @ 25 V","-","33W (Tc)","-55°C ~ 175°C (TJ)","Automotive","AEC-Q101","Surface Mount","PowerPAK® 1212-8","PowerPAK® 1212-8"
"https://www.infineon.com/dgdl/irfr120npbf.pdf?fileId=5546d462533600a40153562d2620204d","//mm.digikey.com/Volume0/opasdata/d220001/medias/images/6166/448%7ETO252AA%7E%7E2.jpg","IRFR120NPBFTR-ND,IRFR120NPBFCT-ND,IRFR120NPBFDKR-ND","IRFR120NTRPBF","Infineon Technologies","Infineon Technologies","MOSFET N-CH 100V 9.4A DPAK","244","1.42","0","1","Tape & Reel (TR),Cut Tape (CT),Digi-Reel®","HEXFET®","Active","N-Channel","MOSFET (Metal Oxide)","100 V","9.4A (Tc)","10V","210mOhm @ 5.6A, 10V","4V @ 250µA","25 nC @ 10 V","±20V","330 pF @ 25 V","-","48W (Tc)","-55°C ~ 175°C (TJ)","-","-","Surface Mount","TO-252AA (DPAK)","TO-252-3, DPAK (2 Leads + Tab), SC-63"
"https://www.onsemi.com/pdf/datasheet/fds4685-d.pdf","//mm.digikey.com/Volume0/opasdata/d220001/medias/images/6164/488%7EMKT-M08A%7ED%2CM%2CTF%7E8.jpg","FDS4685TR-ND,FDS4685CT-ND,FDS4685DKR-ND","FDS4685","onsemi","onsemi","MOSFET P-CH 40V 8.2A 8SOIC","14,264","1.5","0","1","Tape & Reel (TR),Cut Tape (CT),Digi-Reel®","PowerTrench®","Active","P-Channel","MOSFET (Metal Oxide)","40 V","8.2A (Ta)","4.5V, 10V","27mOhm @ 8.2A, 10V","3V @ 250µA","27 nC @ 5 V","±20V","1872 pF @ 20 V","-","2.5W (Ta)","-55°C ~ 150°C (TJ)","-","-","Surface Mount","8-SOIC","8-SOIC (0.154"", 3.90mm Width)"
"//mm.digikey.com/Volume0/opasdata/d220001/medias/docus/379/Mosfets_Prod_Guide.pdf","//mm.digikey.com/Volume0/opasdata/d220001/medias/images/6449/264%7E2-7M1A%7E%7E2.jpg","264-TJ8S06M3L(T6L1,NQ)TR-ND,264-TJ8S06M3L(T6L1,NQ)CT-ND,264-TJ8S06M3L(T6L1,NQ)DKR-ND","TJ8S06M3L(T6L1,NQ)","Toshiba Semiconductor and Storage","Toshiba Semiconductor and Storage","MOSFET P-CH 60V 8A DPAK","906","1.51","0","1","Tape & Reel (TR),Cut Tape (CT),Digi-Reel®","U-MOSVI","Active","P-Channel","MOSFET (Metal Oxide)","60 V","8A (Ta)","6V, 10V","104mOhm @ 4A, 10V","3V @ 1mA","19 nC @ 10 V","+10V, -20V","890 pF @ 10 V","-","27W (Tc)","175°C (TJ)","-","-","Surface Mount","DPAK+","TO-252-3, DPAK (2 Leads + Tab), SC-63"
